
--------------------------------------------------------
--  DML for Table DEPARTMENTS
--------------------------------------------------------

Insert into DEPARTMENTS (DEPARTMENT_ID,DEPARTMENT_NAME,MANAGER_ID,LOCATION_ID) values (570,'testtf',null,null);
Insert into DEPARTMENTS (DEPARTMENT_ID,DEPARTMENT_NAME,MANAGER_ID,LOCATION_ID) values (10,'Administration',200,1700);
Insert into DEPARTMENTS (DEPARTMENT_ID,DEPARTMENT_NAME,MANAGER_ID,LOCATION_ID) values (20,'Marketing',201,1800);
Insert into DEPARTMENTS (DEPARTMENT_ID,DEPARTMENT_NAME,MANAGER_ID,LOCATION_ID) values (30,'Purchasing',114,1700);
Insert into DEPARTMENTS (DEPARTMENT_ID,DEPARTMENT_NAME,MANAGER_ID,LOCATION_ID) values (40,'Human Resources',203,2400);
Insert into DEPARTMENTS (DEPARTMENT_ID,DEPARTMENT_NAME,MANAGER_ID,LOCATION_ID) values (50,'Shipping',121,1500);
Insert into DEPARTMENTS (DEPARTMENT_ID,DEPARTMENT_NAME,MANAGER_ID,LOCATION_ID) values (60,'IT',103,1400);
Insert into DEPARTMENTS (DEPARTMENT_ID,DEPARTMENT_NAME,MANAGER_ID,LOCATION_ID) values (70,'Public Relations',204,2700);
Insert into DEPARTMENTS (DEPARTMENT_ID,DEPARTMENT_NAME,MANAGER_ID,LOCATION_ID) values (80,'Sales',145,2500);
Insert into DEPARTMENTS (DEPARTMENT_ID,DEPARTMENT_NAME,MANAGER_ID,LOCATION_ID) values (90,'Executive',100,1700);
Insert into DEPARTMENTS (DEPARTMENT_ID,DEPARTMENT_NAME,MANAGER_ID,LOCATION_ID) values (100,'Finance',108,1700);
Insert into DEPARTMENTS (DEPARTMENT_ID,DEPARTMENT_NAME,MANAGER_ID,LOCATION_ID) values (110,'Accounting',205,1700);
Insert into DEPARTMENTS (DEPARTMENT_ID,DEPARTMENT_NAME,MANAGER_ID,LOCATION_ID) values (120,'Treasury',null,1700);
Insert into DEPARTMENTS (DEPARTMENT_ID,DEPARTMENT_NAME,MANAGER_ID,LOCATION_ID) values (130,'Corporate Tax',null,1700);
Insert into DEPARTMENTS (DEPARTMENT_ID,DEPARTMENT_NAME,MANAGER_ID,LOCATION_ID) values (140,'Control And Credit',null,1700);
Insert into DEPARTMENTS (DEPARTMENT_ID,DEPARTMENT_NAME,MANAGER_ID,LOCATION_ID) values (150,'Shareholder Services',null,1700);
Insert into DEPARTMENTS (DEPARTMENT_ID,DEPARTMENT_NAME,MANAGER_ID,LOCATION_ID) values (160,'Benefits',null,1700);
Insert into DEPARTMENTS (DEPARTMENT_ID,DEPARTMENT_NAME,MANAGER_ID,LOCATION_ID) values (170,'Manufacturing',null,1700);
Insert into DEPARTMENTS (DEPARTMENT_ID,DEPARTMENT_NAME,MANAGER_ID,LOCATION_ID) values (180,'Construction',null,1700);
Insert into DEPARTMENTS (DEPARTMENT_ID,DEPARTMENT_NAME,MANAGER_ID,LOCATION_ID) values (190,'Contracting',null,1700);
Insert into DEPARTMENTS (DEPARTMENT_ID,DEPARTMENT_NAME,MANAGER_ID,LOCATION_ID) values (200,'Operations',null,1700);
Insert into DEPARTMENTS (DEPARTMENT_ID,DEPARTMENT_NAME,MANAGER_ID,LOCATION_ID) values (210,'IT Support',null,1700);
Insert into DEPARTMENTS (DEPARTMENT_ID,DEPARTMENT_NAME,MANAGER_ID,LOCATION_ID) values (220,'NOC',null,1700);
Insert into DEPARTMENTS (DEPARTMENT_ID,DEPARTMENT_NAME,MANAGER_ID,LOCATION_ID) values (230,'IT Helpdesk',null,1700);
Insert into DEPARTMENTS (DEPARTMENT_ID,DEPARTMENT_NAME,MANAGER_ID,LOCATION_ID) values (240,'Government Sales',null,1700);
Insert into DEPARTMENTS (DEPARTMENT_ID,DEPARTMENT_NAME,MANAGER_ID,LOCATION_ID) values (250,'Retail Sales',null,1700);
Insert into DEPARTMENTS (DEPARTMENT_ID,DEPARTMENT_NAME,MANAGER_ID,LOCATION_ID) values (260,'Recruiting',null,1700);
Insert into DEPARTMENTS (DEPARTMENT_ID,DEPARTMENT_NAME,MANAGER_ID,LOCATION_ID) values (270,'Payroll',null,1700);
Insert into DEPARTMENTS (DEPARTMENT_ID,DEPARTMENT_NAME,MANAGER_ID,LOCATION_ID) values (193,'LICDept',200,1700);
Insert into DEPARTMENTS (DEPARTMENT_ID,DEPARTMENT_NAME,MANAGER_ID,LOCATION_ID) values (500,'sdfsd',null,null);
Insert into DEPARTMENTS (DEPARTMENT_ID,DEPARTMENT_NAME,MANAGER_ID,LOCATION_ID) values (550,'Testdept',null,null);


--------------------------------------------------------
--  DML for Table EMPLOYEES
--------------------------------------------------------
Insert into EMPLOYEES (EMPLOYEE_ID,FIRST_NAME,LAST_NAME,EMAIL,PHONE_NUMBER,HIRE_DATE,JOB_ID,SALARY,COMMISSION_PCT,MANAGER_ID,DEPARTMENT_ID,EMP_TYPE) values (100,'Steven','King','SKING','515.123.4567',to_date('17-JUN-03','DD-MON-RR'),'AD_PRES',24000,null,null,90,null);
Insert into EMPLOYEES (EMPLOYEE_ID,FIRST_NAME,LAST_NAME,EMAIL,PHONE_NUMBER,HIRE_DATE,JOB_ID,SALARY,COMMISSION_PCT,MANAGER_ID,DEPARTMENT_ID,EMP_TYPE) values (101,'Neena','Kochhar','NKOCHHAR','515.123.4568',to_date('21-SEP-05','DD-MON-RR'),'AD_VP',17000,null,100,90,null);
Insert into EMPLOYEES (EMPLOYEE_ID,FIRST_NAME,LAST_NAME,EMAIL,PHONE_NUMBER,HIRE_DATE,JOB_ID,SALARY,COMMISSION_PCT,MANAGER_ID,DEPARTMENT_ID,EMP_TYPE) values (102,'Lex','De Haan','LDEHAAN','515.123.4569',to_date('13-JAN-01','DD-MON-RR'),'AD_VP',17000,null,100,90,null);
Insert into EMPLOYEES (EMPLOYEE_ID,FIRST_NAME,LAST_NAME,EMAIL,PHONE_NUMBER,HIRE_DATE,JOB_ID,SALARY,COMMISSION_PCT,MANAGER_ID,DEPARTMENT_ID,EMP_TYPE) values (103,'Alexander','Hunold','AHUNOLD','590.423.4567',to_date('03-JAN-06','DD-MON-RR'),'IT_PROG',9000,null,102,60,null);
Insert into EMPLOYEES (EMPLOYEE_ID,FIRST_NAME,LAST_NAME,EMAIL,PHONE_NUMBER,HIRE_DATE,JOB_ID,SALARY,COMMISSION_PCT,MANAGER_ID,DEPARTMENT_ID,EMP_TYPE) values (104,'Bruce','Ernst','BERNST','590.423.4568',to_date('21-MAY-07','DD-MON-RR'),'IT_PROG',6000,null,103,60,null);
Insert into EMPLOYEES (EMPLOYEE_ID,FIRST_NAME,LAST_NAME,EMAIL,PHONE_NUMBER,HIRE_DATE,JOB_ID,SALARY,COMMISSION_PCT,MANAGER_ID,DEPARTMENT_ID,EMP_TYPE) values (105,'David','Austin','DAUSTIN','590.423.4569',to_date('25-JUN-05','DD-MON-RR'),'IT_PROG',4800,null,103,60,null);
Insert into EMPLOYEES (EMPLOYEE_ID,FIRST_NAME,LAST_NAME,EMAIL,PHONE_NUMBER,HIRE_DATE,JOB_ID,SALARY,COMMISSION_PCT,MANAGER_ID,DEPARTMENT_ID,EMP_TYPE) values (106,'Valli','Pataballa','VPATABAL','590.423.4560',to_date('05-FEB-06','DD-MON-RR'),'IT_PROG',4800,null,103,60,null);
Insert into EMPLOYEES (EMPLOYEE_ID,FIRST_NAME,LAST_NAME,EMAIL,PHONE_NUMBER,HIRE_DATE,JOB_ID,SALARY,COMMISSION_PCT,MANAGER_ID,DEPARTMENT_ID,EMP_TYPE) values (107,'Diana','Lorentz','DLORENTZ','590.423.5567',to_date('07-FEB-07','DD-MON-RR'),'IT_PROG',4200,null,103,60,null);
Insert into EMPLOYEES (EMPLOYEE_ID,FIRST_NAME,LAST_NAME,EMAIL,PHONE_NUMBER,HIRE_DATE,JOB_ID,SALARY,COMMISSION_PCT,MANAGER_ID,DEPARTMENT_ID,EMP_TYPE) values (108,'Nancy','Greenberg','NGREENBE','515.124.4569',to_date('17-AUG-02','DD-MON-RR'),'FI_MGR',12008,null,101,100,null);
Insert into EMPLOYEES (EMPLOYEE_ID,FIRST_NAME,LAST_NAME,EMAIL,PHONE_NUMBER,HIRE_DATE,JOB_ID,SALARY,COMMISSION_PCT,MANAGER_ID,DEPARTMENT_ID,EMP_TYPE) values (109,'Daniel','Faviet','DFAVIET','515.124.4169',to_date('16-AUG-02','DD-MON-RR'),'FI_ACCOUNT',9000,null,108,100,null);
Insert into EMPLOYEES (EMPLOYEE_ID,FIRST_NAME,LAST_NAME,EMAIL,PHONE_NUMBER,HIRE_DATE,JOB_ID,SALARY,COMMISSION_PCT,MANAGER_ID,DEPARTMENT_ID,EMP_TYPE) values (110,'John','Chen','JCHEN','515.124.4269',to_date('28-SEP-05','DD-MON-RR'),'FI_ACCOUNT',8200,null,108,100,null);
Insert into EMPLOYEES (EMPLOYEE_ID,FIRST_NAME,LAST_NAME,EMAIL,PHONE_NUMBER,HIRE_DATE,JOB_ID,SALARY,COMMISSION_PCT,MANAGER_ID,DEPARTMENT_ID,EMP_TYPE) values (111,'Ismael','Sciarra','ISCIARRA','515.124.4369',to_date('30-SEP-05','DD-MON-RR'),'FI_ACCOUNT',7700,null,108,100,null);
Insert into EMPLOYEES (EMPLOYEE_ID,FIRST_NAME,LAST_NAME,EMAIL,PHONE_NUMBER,HIRE_DATE,JOB_ID,SALARY,COMMISSION_PCT,MANAGER_ID,DEPARTMENT_ID,EMP_TYPE) values (112,'Jose Manuel','Urman','JMURMAN','515.124.4469',to_date('07-MAR-06','DD-MON-RR'),'FI_ACCOUNT',7800,null,108,100,null);
Insert into EMPLOYEES (EMPLOYEE_ID,FIRST_NAME,LAST_NAME,EMAIL,PHONE_NUMBER,HIRE_DATE,JOB_ID,SALARY,COMMISSION_PCT,MANAGER_ID,DEPARTMENT_ID,EMP_TYPE) values (113,'Luis','Popp','LPOPP','515.124.4567',to_date('07-DEC-07','DD-MON-RR'),'FI_ACCOUNT',6900,null,108,100,null);
Insert into EMPLOYEES (EMPLOYEE_ID,FIRST_NAME,LAST_NAME,EMAIL,PHONE_NUMBER,HIRE_DATE,JOB_ID,SALARY,COMMISSION_PCT,MANAGER_ID,DEPARTMENT_ID,EMP_TYPE) values (114,'Den','Raphaely','DRAPHEAL','515.127.4561',to_date('07-DEC-02','DD-MON-RR'),'PU_MAN',11000,null,100,30,null);
Insert into EMPLOYEES (EMPLOYEE_ID,FIRST_NAME,LAST_NAME,EMAIL,PHONE_NUMBER,HIRE_DATE,JOB_ID,SALARY,COMMISSION_PCT,MANAGER_ID,DEPARTMENT_ID,EMP_TYPE) values (115,'Alexander','Khoo','AKHOO','515.127.4562',to_date('18-MAY-03','DD-MON-RR'),'PU_CLERK',3100,null,114,30,null);
Insert into EMPLOYEES (EMPLOYEE_ID,FIRST_NAME,LAST_NAME,EMAIL,PHONE_NUMBER,HIRE_DATE,JOB_ID,SALARY,COMMISSION_PCT,MANAGER_ID,DEPARTMENT_ID,EMP_TYPE) values (116,'Shelli','Baida','SBAIDA','515.127.4563',to_date('24-DEC-05','DD-MON-RR'),'PU_CLERK',2900,null,114,30,null);
Insert into EMPLOYEES (EMPLOYEE_ID,FIRST_NAME,LAST_NAME,EMAIL,PHONE_NUMBER,HIRE_DATE,JOB_ID,SALARY,COMMISSION_PCT,MANAGER_ID,DEPARTMENT_ID,EMP_TYPE) values (117,'Sigal','Tobias','STOBIAS','515.127.4564',to_date('24-JUL-05','DD-MON-RR'),'PU_CLERK',2800,null,114,30,null);
Insert into EMPLOYEES (EMPLOYEE_ID,FIRST_NAME,LAST_NAME,EMAIL,PHONE_NUMBER,HIRE_DATE,JOB_ID,SALARY,COMMISSION_PCT,MANAGER_ID,DEPARTMENT_ID,EMP_TYPE) values (118,'Guy','Himuro','GHIMURO','515.127.4565',to_date('15-NOV-06','DD-MON-RR'),'PU_CLERK',2600,null,114,30,null);
Insert into EMPLOYEES (EMPLOYEE_ID,FIRST_NAME,LAST_NAME,EMAIL,PHONE_NUMBER,HIRE_DATE,JOB_ID,SALARY,COMMISSION_PCT,MANAGER_ID,DEPARTMENT_ID,EMP_TYPE) values (119,'Karen','Colmenares','KCOLMENA','515.127.4566',to_date('10-AUG-07','DD-MON-RR'),'PU_CLERK',2500,null,114,30,null);
Insert into EMPLOYEES (EMPLOYEE_ID,FIRST_NAME,LAST_NAME,EMAIL,PHONE_NUMBER,HIRE_DATE,JOB_ID,SALARY,COMMISSION_PCT,MANAGER_ID,DEPARTMENT_ID,EMP_TYPE) values (120,'Matthew','Weiss','MWEISS','650.123.1234',to_date('18-JUL-04','DD-MON-RR'),'ST_MAN',8000,null,100,50,null);
Insert into EMPLOYEES (EMPLOYEE_ID,FIRST_NAME,LAST_NAME,EMAIL,PHONE_NUMBER,HIRE_DATE,JOB_ID,SALARY,COMMISSION_PCT,MANAGER_ID,DEPARTMENT_ID,EMP_TYPE) values (121,'Adam','Fripp','AFRIPP','650.123.2234',to_date('10-APR-05','DD-MON-RR'),'ST_MAN',8200,null,100,50,null);
Insert into EMPLOYEES (EMPLOYEE_ID,FIRST_NAME,LAST_NAME,EMAIL,PHONE_NUMBER,HIRE_DATE,JOB_ID,SALARY,COMMISSION_PCT,MANAGER_ID,DEPARTMENT_ID,EMP_TYPE) values (122,'Payam','Kaufling','PKAUFLIN','650.123.3234',to_date('01-MAY-03','DD-MON-RR'),'ST_MAN',7900,null,100,50,null);
Insert into EMPLOYEES (EMPLOYEE_ID,FIRST_NAME,LAST_NAME,EMAIL,PHONE_NUMBER,HIRE_DATE,JOB_ID,SALARY,COMMISSION_PCT,MANAGER_ID,DEPARTMENT_ID,EMP_TYPE) values (123,'Shanta','Vollman','SVOLLMAN','650.123.4234',to_date('10-OCT-05','DD-MON-RR'),'ST_MAN',6500,null,100,50,null);
Insert into EMPLOYEES (EMPLOYEE_ID,FIRST_NAME,LAST_NAME,EMAIL,PHONE_NUMBER,HIRE_DATE,JOB_ID,SALARY,COMMISSION_PCT,MANAGER_ID,DEPARTMENT_ID,EMP_TYPE) values (124,'Kevin','Mourgos','KMOURGOS','650.123.5234',to_date('16-NOV-07','DD-MON-RR'),'ST_MAN',5800,null,100,50,null);
Insert into EMPLOYEES (EMPLOYEE_ID,FIRST_NAME,LAST_NAME,EMAIL,PHONE_NUMBER,HIRE_DATE,JOB_ID,SALARY,COMMISSION_PCT,MANAGER_ID,DEPARTMENT_ID,EMP_TYPE) values (125,'Julia','Nayer','JNAYER','650.124.1214',to_date('16-JUL-05','DD-MON-RR'),'ST_CLERK',3200,null,120,50,null);
Insert into EMPLOYEES (EMPLOYEE_ID,FIRST_NAME,LAST_NAME,EMAIL,PHONE_NUMBER,HIRE_DATE,JOB_ID,SALARY,COMMISSION_PCT,MANAGER_ID,DEPARTMENT_ID,EMP_TYPE) values (126,'Irene','Mikkilineni','IMIKKILI','650.124.1224',to_date('28-SEP-06','DD-MON-RR'),'ST_CLERK',2700,null,120,50,null);
Insert into EMPLOYEES (EMPLOYEE_ID,FIRST_NAME,LAST_NAME,EMAIL,PHONE_NUMBER,HIRE_DATE,JOB_ID,SALARY,COMMISSION_PCT,MANAGER_ID,DEPARTMENT_ID,EMP_TYPE) values (127,'James','Landry','JLANDRY','650.124.1334',to_date('14-JAN-07','DD-MON-RR'),'ST_CLERK',2400,null,120,50,null);
Insert into EMPLOYEES (EMPLOYEE_ID,FIRST_NAME,LAST_NAME,EMAIL,PHONE_NUMBER,HIRE_DATE,JOB_ID,SALARY,COMMISSION_PCT,MANAGER_ID,DEPARTMENT_ID,EMP_TYPE) values (128,'Steven','Markle','SMARKLE','650.124.1434',to_date('08-MAR-08','DD-MON-RR'),'ST_CLERK',2200,null,120,50,null);
Insert into EMPLOYEES (EMPLOYEE_ID,FIRST_NAME,LAST_NAME,EMAIL,PHONE_NUMBER,HIRE_DATE,JOB_ID,SALARY,COMMISSION_PCT,MANAGER_ID,DEPARTMENT_ID,EMP_TYPE) values (129,'Laura','Bissot','LBISSOT','650.124.5234',to_date('20-AUG-05','DD-MON-RR'),'ST_CLERK',3300,null,121,50,null);
Insert into EMPLOYEES (EMPLOYEE_ID,FIRST_NAME,LAST_NAME,EMAIL,PHONE_NUMBER,HIRE_DATE,JOB_ID,SALARY,COMMISSION_PCT,MANAGER_ID,DEPARTMENT_ID,EMP_TYPE) values (130,'Mozhe','Atkinson','MATKINSO','650.124.6234',to_date('30-OCT-05','DD-MON-RR'),'ST_CLERK',2800,null,121,50,null);
Insert into EMPLOYEES (EMPLOYEE_ID,FIRST_NAME,LAST_NAME,EMAIL,PHONE_NUMBER,HIRE_DATE,JOB_ID,SALARY,COMMISSION_PCT,MANAGER_ID,DEPARTMENT_ID,EMP_TYPE) values (131,'James','Marlow','JAMRLOW','650.124.7234',to_date('16-FEB-05','DD-MON-RR'),'ST_CLERK',2500,null,121,50,null);
Insert into EMPLOYEES (EMPLOYEE_ID,FIRST_NAME,LAST_NAME,EMAIL,PHONE_NUMBER,HIRE_DATE,JOB_ID,SALARY,COMMISSION_PCT,MANAGER_ID,DEPARTMENT_ID,EMP_TYPE) values (132,'TJ','Olson','TJOLSON','650.124.8234',to_date('10-APR-07','DD-MON-RR'),'ST_CLERK',2100,null,121,50,null);
Insert into EMPLOYEES (EMPLOYEE_ID,FIRST_NAME,LAST_NAME,EMAIL,PHONE_NUMBER,HIRE_DATE,JOB_ID,SALARY,COMMISSION_PCT,MANAGER_ID,DEPARTMENT_ID,EMP_TYPE) values (133,'Jason','Mallin','JMALLIN','650.127.1934',to_date('14-JUN-04','DD-MON-RR'),'ST_CLERK',3300,null,122,50,null);
Insert into EMPLOYEES (EMPLOYEE_ID,FIRST_NAME,LAST_NAME,EMAIL,PHONE_NUMBER,HIRE_DATE,JOB_ID,SALARY,COMMISSION_PCT,MANAGER_ID,DEPARTMENT_ID,EMP_TYPE) values (134,'Michael','Rogers','MROGERS','650.127.1834',to_date('26-AUG-06','DD-MON-RR'),'ST_CLERK',2900,null,122,50,null);
Insert into EMPLOYEES (EMPLOYEE_ID,FIRST_NAME,LAST_NAME,EMAIL,PHONE_NUMBER,HIRE_DATE,JOB_ID,SALARY,COMMISSION_PCT,MANAGER_ID,DEPARTMENT_ID,EMP_TYPE) values (135,'Ki','Gee','KGEE','650.127.1734',to_date('12-DEC-07','DD-MON-RR'),'ST_CLERK',2400,null,122,50,null);
Insert into EMPLOYEES (EMPLOYEE_ID,FIRST_NAME,LAST_NAME,EMAIL,PHONE_NUMBER,HIRE_DATE,JOB_ID,SALARY,COMMISSION_PCT,MANAGER_ID,DEPARTMENT_ID,EMP_TYPE) values (136,'Hazel','Philtanker','HPHILTAN','650.127.1634',to_date('06-FEB-08','DD-MON-RR'),'ST_CLERK',2200,null,122,50,null);
Insert into EMPLOYEES (EMPLOYEE_ID,FIRST_NAME,LAST_NAME,EMAIL,PHONE_NUMBER,HIRE_DATE,JOB_ID,SALARY,COMMISSION_PCT,MANAGER_ID,DEPARTMENT_ID,EMP_TYPE) values (137,'Renske','Ladwig','RLADWIG','650.121.1234',to_date('14-JUL-03','DD-MON-RR'),'ST_CLERK',3600,null,123,50,null);
Insert into EMPLOYEES (EMPLOYEE_ID,FIRST_NAME,LAST_NAME,EMAIL,PHONE_NUMBER,HIRE_DATE,JOB_ID,SALARY,COMMISSION_PCT,MANAGER_ID,DEPARTMENT_ID,EMP_TYPE) values (138,'Stephen','Stiles','SSTILES','650.121.2034',to_date('26-OCT-05','DD-MON-RR'),'ST_CLERK',3200,null,123,50,null);
Insert into EMPLOYEES (EMPLOYEE_ID,FIRST_NAME,LAST_NAME,EMAIL,PHONE_NUMBER,HIRE_DATE,JOB_ID,SALARY,COMMISSION_PCT,MANAGER_ID,DEPARTMENT_ID,EMP_TYPE) values (139,'John','Seo','JSEO','650.121.2019',to_date('12-FEB-06','DD-MON-RR'),'ST_CLERK',2700,null,123,50,null);
Insert into EMPLOYEES (EMPLOYEE_ID,FIRST_NAME,LAST_NAME,EMAIL,PHONE_NUMBER,HIRE_DATE,JOB_ID,SALARY,COMMISSION_PCT,MANAGER_ID,DEPARTMENT_ID,EMP_TYPE) values (140,'Joshua','Patel','JPATEL','650.121.1834',to_date('06-APR-06','DD-MON-RR'),'ST_CLERK',2500,null,123,50,null);
Insert into EMPLOYEES (EMPLOYEE_ID,FIRST_NAME,LAST_NAME,EMAIL,PHONE_NUMBER,HIRE_DATE,JOB_ID,SALARY,COMMISSION_PCT,MANAGER_ID,DEPARTMENT_ID,EMP_TYPE) values (141,'Trenna','Rajs','TRAJS','650.121.8009',to_date('17-OCT-03','DD-MON-RR'),'ST_CLERK',3500,null,124,50,null);
Insert into EMPLOYEES (EMPLOYEE_ID,FIRST_NAME,LAST_NAME,EMAIL,PHONE_NUMBER,HIRE_DATE,JOB_ID,SALARY,COMMISSION_PCT,MANAGER_ID,DEPARTMENT_ID,EMP_TYPE) values (142,'Curtis','Davies','CDAVIES','650.121.2994',to_date('29-JAN-05','DD-MON-RR'),'ST_CLERK',3100,null,124,50,null);
Insert into EMPLOYEES (EMPLOYEE_ID,FIRST_NAME,LAST_NAME,EMAIL,PHONE_NUMBER,HIRE_DATE,JOB_ID,SALARY,COMMISSION_PCT,MANAGER_ID,DEPARTMENT_ID,EMP_TYPE) values (143,'Randall','Matos','RMATOS','650.121.2874',to_date('15-MAR-06','DD-MON-RR'),'ST_CLERK',2600,null,124,50,null);
Insert into EMPLOYEES (EMPLOYEE_ID,FIRST_NAME,LAST_NAME,EMAIL,PHONE_NUMBER,HIRE_DATE,JOB_ID,SALARY,COMMISSION_PCT,MANAGER_ID,DEPARTMENT_ID,EMP_TYPE) values (144,'Peter','Vargas','PVARGAS','650.121.2004',to_date('09-JUL-06','DD-MON-RR'),'ST_CLERK',2500,null,124,50,null);
Insert into EMPLOYEES (EMPLOYEE_ID,FIRST_NAME,LAST_NAME,EMAIL,PHONE_NUMBER,HIRE_DATE,JOB_ID,SALARY,COMMISSION_PCT,MANAGER_ID,DEPARTMENT_ID,EMP_TYPE) values (145,'John','Russell','JRUSSEL','011.44.1344.429268',to_date('01-OCT-04','DD-MON-RR'),'SA_MAN',14000,0.4,100,80,null);
Insert into EMPLOYEES (EMPLOYEE_ID,FIRST_NAME,LAST_NAME,EMAIL,PHONE_NUMBER,HIRE_DATE,JOB_ID,SALARY,COMMISSION_PCT,MANAGER_ID,DEPARTMENT_ID,EMP_TYPE) values (146,'Karen','Partners','KPARTNER','011.44.1344.467268',to_date('05-JAN-05','DD-MON-RR'),'SA_MAN',13500,0.3,100,80,null);
Insert into EMPLOYEES (EMPLOYEE_ID,FIRST_NAME,LAST_NAME,EMAIL,PHONE_NUMBER,HIRE_DATE,JOB_ID,SALARY,COMMISSION_PCT,MANAGER_ID,DEPARTMENT_ID,EMP_TYPE) values (147,'Alberto','Errazuriz','AERRAZUR','011.44.1344.429278',to_date('10-MAR-05','DD-MON-RR'),'SA_MAN',12000,0.3,100,80,null);
Insert into EMPLOYEES (EMPLOYEE_ID,FIRST_NAME,LAST_NAME,EMAIL,PHONE_NUMBER,HIRE_DATE,JOB_ID,SALARY,COMMISSION_PCT,MANAGER_ID,DEPARTMENT_ID,EMP_TYPE) values (148,'Gerald','Cambrault','GCAMBRAU','011.44.1344.619268',to_date('15-OCT-07','DD-MON-RR'),'SA_MAN',11000,0.3,100,80,null);
Insert into EMPLOYEES (EMPLOYEE_ID,FIRST_NAME,LAST_NAME,EMAIL,PHONE_NUMBER,HIRE_DATE,JOB_ID,SALARY,COMMISSION_PCT,MANAGER_ID,DEPARTMENT_ID,EMP_TYPE) values (149,'Eleni','Zlotkey','EZLOTKEY','011.44.1344.429018',to_date('29-JAN-08','DD-MON-RR'),'SA_MAN',10500,0.2,100,80,null);
Insert into EMPLOYEES (EMPLOYEE_ID,FIRST_NAME,LAST_NAME,EMAIL,PHONE_NUMBER,HIRE_DATE,JOB_ID,SALARY,COMMISSION_PCT,MANAGER_ID,DEPARTMENT_ID,EMP_TYPE) values (150,'Peter','Tucker','PTUCKER','011.44.1344.129268',to_date('30-JAN-05','DD-MON-RR'),'SA_REP',10000,0.3,145,80,null);
Insert into EMPLOYEES (EMPLOYEE_ID,FIRST_NAME,LAST_NAME,EMAIL,PHONE_NUMBER,HIRE_DATE,JOB_ID,SALARY,COMMISSION_PCT,MANAGER_ID,DEPARTMENT_ID,EMP_TYPE) values (151,'David','Bernstein','DBERNSTE','011.44.1344.345268',to_date('24-MAR-05','DD-MON-RR'),'SA_REP',9500,0.25,145,80,null);
Insert into EMPLOYEES (EMPLOYEE_ID,FIRST_NAME,LAST_NAME,EMAIL,PHONE_NUMBER,HIRE_DATE,JOB_ID,SALARY,COMMISSION_PCT,MANAGER_ID,DEPARTMENT_ID,EMP_TYPE) values (152,'Peter','Hall','PHALL','011.44.1344.478968',to_date('20-AUG-05','DD-MON-RR'),'SA_REP',9000,0.25,145,80,null);
Insert into EMPLOYEES (EMPLOYEE_ID,FIRST_NAME,LAST_NAME,EMAIL,PHONE_NUMBER,HIRE_DATE,JOB_ID,SALARY,COMMISSION_PCT,MANAGER_ID,DEPARTMENT_ID,EMP_TYPE) values (153,'Christopher','Olsen','COLSEN','011.44.1344.498718',to_date('30-MAR-06','DD-MON-RR'),'SA_REP',8000,0.2,145,80,null);
Insert into EMPLOYEES (EMPLOYEE_ID,FIRST_NAME,LAST_NAME,EMAIL,PHONE_NUMBER,HIRE_DATE,JOB_ID,SALARY,COMMISSION_PCT,MANAGER_ID,DEPARTMENT_ID,EMP_TYPE) values (154,'Nanette','Cambrault','NCAMBRAU','011.44.1344.987668',to_date('09-DEC-06','DD-MON-RR'),'SA_REP',7500,0.2,145,80,null);
Insert into EMPLOYEES (EMPLOYEE_ID,FIRST_NAME,LAST_NAME,EMAIL,PHONE_NUMBER,HIRE_DATE,JOB_ID,SALARY,COMMISSION_PCT,MANAGER_ID,DEPARTMENT_ID,EMP_TYPE) values (155,'Oliver','Tuvault','OTUVAULT','011.44.1344.486508',to_date('23-NOV-07','DD-MON-RR'),'SA_REP',7000,0.15,145,80,null);
Insert into EMPLOYEES (EMPLOYEE_ID,FIRST_NAME,LAST_NAME,EMAIL,PHONE_NUMBER,HIRE_DATE,JOB_ID,SALARY,COMMISSION_PCT,MANAGER_ID,DEPARTMENT_ID,EMP_TYPE) values (156,'Janette','King','JKING','011.44.1345.429268',to_date('30-JAN-04','DD-MON-RR'),'SA_REP',10000,0.35,146,80,null);
Insert into EMPLOYEES (EMPLOYEE_ID,FIRST_NAME,LAST_NAME,EMAIL,PHONE_NUMBER,HIRE_DATE,JOB_ID,SALARY,COMMISSION_PCT,MANAGER_ID,DEPARTMENT_ID,EMP_TYPE) values (157,'Patrick','Sully','PSULLY','011.44.1345.929268',to_date('04-MAR-04','DD-MON-RR'),'SA_REP',9500,0.35,146,80,null);
Insert into EMPLOYEES (EMPLOYEE_ID,FIRST_NAME,LAST_NAME,EMAIL,PHONE_NUMBER,HIRE_DATE,JOB_ID,SALARY,COMMISSION_PCT,MANAGER_ID,DEPARTMENT_ID,EMP_TYPE) values (158,'Allan','McEwen','AMCEWEN','011.44.1345.829268',to_date('01-AUG-04','DD-MON-RR'),'SA_REP',9000,0.35,146,80,null);
Insert into EMPLOYEES (EMPLOYEE_ID,FIRST_NAME,LAST_NAME,EMAIL,PHONE_NUMBER,HIRE_DATE,JOB_ID,SALARY,COMMISSION_PCT,MANAGER_ID,DEPARTMENT_ID,EMP_TYPE) values (159,'Lindsey','Smith','LSMITH','011.44.1345.729268',to_date('10-MAR-05','DD-MON-RR'),'SA_REP',8000,0.3,146,80,null);
Insert into EMPLOYEES (EMPLOYEE_ID,FIRST_NAME,LAST_NAME,EMAIL,PHONE_NUMBER,HIRE_DATE,JOB_ID,SALARY,COMMISSION_PCT,MANAGER_ID,DEPARTMENT_ID,EMP_TYPE) values (160,'Louise','Doran','LDORAN','011.44.1345.629268',to_date('15-DEC-05','DD-MON-RR'),'SA_REP',7500,0.3,146,80,null);
Insert into EMPLOYEES (EMPLOYEE_ID,FIRST_NAME,LAST_NAME,EMAIL,PHONE_NUMBER,HIRE_DATE,JOB_ID,SALARY,COMMISSION_PCT,MANAGER_ID,DEPARTMENT_ID,EMP_TYPE) values (161,'Sarath','Sewall','SSEWALL','011.44.1345.529268',to_date('03-NOV-06','DD-MON-RR'),'SA_REP',7000,0.25,146,80,null);
Insert into EMPLOYEES (EMPLOYEE_ID,FIRST_NAME,LAST_NAME,EMAIL,PHONE_NUMBER,HIRE_DATE,JOB_ID,SALARY,COMMISSION_PCT,MANAGER_ID,DEPARTMENT_ID,EMP_TYPE) values (162,'Clara','Vishney','CVISHNEY','011.44.1346.129268',to_date('11-NOV-05','DD-MON-RR'),'SA_REP',10500,0.25,147,80,null);
Insert into EMPLOYEES (EMPLOYEE_ID,FIRST_NAME,LAST_NAME,EMAIL,PHONE_NUMBER,HIRE_DATE,JOB_ID,SALARY,COMMISSION_PCT,MANAGER_ID,DEPARTMENT_ID,EMP_TYPE) values (163,'Danielle','Greene','DGREENE','011.44.1346.229268',to_date('19-MAR-07','DD-MON-RR'),'SA_REP',9500,0.15,147,80,null);
Insert into EMPLOYEES (EMPLOYEE_ID,FIRST_NAME,LAST_NAME,EMAIL,PHONE_NUMBER,HIRE_DATE,JOB_ID,SALARY,COMMISSION_PCT,MANAGER_ID,DEPARTMENT_ID,EMP_TYPE) values (164,'Mattea','Marvins','MMARVINS','011.44.1346.329268',to_date('24-JAN-08','DD-MON-RR'),'SA_REP',7200,0.1,147,80,null);
Insert into EMPLOYEES (EMPLOYEE_ID,FIRST_NAME,LAST_NAME,EMAIL,PHONE_NUMBER,HIRE_DATE,JOB_ID,SALARY,COMMISSION_PCT,MANAGER_ID,DEPARTMENT_ID,EMP_TYPE) values (165,'David','Lee','DLEE','011.44.1346.529268',to_date('23-FEB-08','DD-MON-RR'),'SA_REP',6800,0.1,147,80,null);
Insert into EMPLOYEES (EMPLOYEE_ID,FIRST_NAME,LAST_NAME,EMAIL,PHONE_NUMBER,HIRE_DATE,JOB_ID,SALARY,COMMISSION_PCT,MANAGER_ID,DEPARTMENT_ID,EMP_TYPE) values (166,'Sundar','Ande','SANDE','011.44.1346.629268',to_date('24-MAR-08','DD-MON-RR'),'SA_REP',6400,0.1,147,80,null);
Insert into EMPLOYEES (EMPLOYEE_ID,FIRST_NAME,LAST_NAME,EMAIL,PHONE_NUMBER,HIRE_DATE,JOB_ID,SALARY,COMMISSION_PCT,MANAGER_ID,DEPARTMENT_ID,EMP_TYPE) values (167,'Amit','Banda','ABANDA','011.44.1346.729268',to_date('21-APR-08','DD-MON-RR'),'SA_REP',6200,0.1,147,80,null);
Insert into EMPLOYEES (EMPLOYEE_ID,FIRST_NAME,LAST_NAME,EMAIL,PHONE_NUMBER,HIRE_DATE,JOB_ID,SALARY,COMMISSION_PCT,MANAGER_ID,DEPARTMENT_ID,EMP_TYPE) values (168,'Lisa','Ozer','LOZER','011.44.1343.929268',to_date('11-MAR-05','DD-MON-RR'),'SA_REP',11500,0.25,148,80,null);
Insert into EMPLOYEES (EMPLOYEE_ID,FIRST_NAME,LAST_NAME,EMAIL,PHONE_NUMBER,HIRE_DATE,JOB_ID,SALARY,COMMISSION_PCT,MANAGER_ID,DEPARTMENT_ID,EMP_TYPE) values (169,'Harrison','Bloom','HBLOOM','011.44.1343.829268',to_date('23-MAR-06','DD-MON-RR'),'SA_REP',10000,0.2,148,80,null);
Insert into EMPLOYEES (EMPLOYEE_ID,FIRST_NAME,LAST_NAME,EMAIL,PHONE_NUMBER,HIRE_DATE,JOB_ID,SALARY,COMMISSION_PCT,MANAGER_ID,DEPARTMENT_ID,EMP_TYPE) values (170,'Tayler','Fox','TFOX','011.44.1343.729268',to_date('24-JAN-06','DD-MON-RR'),'SA_REP',9600,0.2,148,80,null);
Insert into EMPLOYEES (EMPLOYEE_ID,FIRST_NAME,LAST_NAME,EMAIL,PHONE_NUMBER,HIRE_DATE,JOB_ID,SALARY,COMMISSION_PCT,MANAGER_ID,DEPARTMENT_ID,EMP_TYPE) values (171,'William','Smith','WSMITH','011.44.1343.629268',to_date('23-FEB-07','DD-MON-RR'),'SA_REP',7400,0.15,148,80,null);
Insert into EMPLOYEES (EMPLOYEE_ID,FIRST_NAME,LAST_NAME,EMAIL,PHONE_NUMBER,HIRE_DATE,JOB_ID,SALARY,COMMISSION_PCT,MANAGER_ID,DEPARTMENT_ID,EMP_TYPE) values (172,'Elizabeth','Bates','EBATES','011.44.1343.529268',to_date('24-MAR-07','DD-MON-RR'),'SA_REP',7300,0.15,148,80,null);
Insert into EMPLOYEES (EMPLOYEE_ID,FIRST_NAME,LAST_NAME,EMAIL,PHONE_NUMBER,HIRE_DATE,JOB_ID,SALARY,COMMISSION_PCT,MANAGER_ID,DEPARTMENT_ID,EMP_TYPE) values (173,'Sundita','Kumar','SKUMAR','011.44.1343.329268',to_date('21-APR-08','DD-MON-RR'),'SA_REP',6100,0.1,148,80,null);
Insert into EMPLOYEES (EMPLOYEE_ID,FIRST_NAME,LAST_NAME,EMAIL,PHONE_NUMBER,HIRE_DATE,JOB_ID,SALARY,COMMISSION_PCT,MANAGER_ID,DEPARTMENT_ID,EMP_TYPE) values (174,'Ellen','Abel','EABEL','011.44.1644.429267',to_date('11-MAY-04','DD-MON-RR'),'SA_REP',11000,0.3,149,80,null);
Insert into EMPLOYEES (EMPLOYEE_ID,FIRST_NAME,LAST_NAME,EMAIL,PHONE_NUMBER,HIRE_DATE,JOB_ID,SALARY,COMMISSION_PCT,MANAGER_ID,DEPARTMENT_ID,EMP_TYPE) values (175,'Alyssa','Hutton','AHUTTON','011.44.1644.429266',to_date('19-MAR-05','DD-MON-RR'),'SA_REP',8800,0.25,149,80,null);
Insert into EMPLOYEES (EMPLOYEE_ID,FIRST_NAME,LAST_NAME,EMAIL,PHONE_NUMBER,HIRE_DATE,JOB_ID,SALARY,COMMISSION_PCT,MANAGER_ID,DEPARTMENT_ID,EMP_TYPE) values (176,'Jonathon','Taylor','JTAYLOR','011.44.1644.429265',to_date('24-MAR-06','DD-MON-RR'),'SA_REP',8600,0.2,149,80,null);
Insert into EMPLOYEES (EMPLOYEE_ID,FIRST_NAME,LAST_NAME,EMAIL,PHONE_NUMBER,HIRE_DATE,JOB_ID,SALARY,COMMISSION_PCT,MANAGER_ID,DEPARTMENT_ID,EMP_TYPE) values (177,'Jack','Livingston','JLIVINGS','011.44.1644.429264',to_date('23-APR-06','DD-MON-RR'),'SA_REP',8400,0.2,149,80,null);
Insert into EMPLOYEES (EMPLOYEE_ID,FIRST_NAME,LAST_NAME,EMAIL,PHONE_NUMBER,HIRE_DATE,JOB_ID,SALARY,COMMISSION_PCT,MANAGER_ID,DEPARTMENT_ID,EMP_TYPE) values (178,'Kimberely','Grant','KGRANT','011.44.1644.429263',to_date('24-MAY-07','DD-MON-RR'),'SA_REP',7000,0.15,149,null,null);
Insert into EMPLOYEES (EMPLOYEE_ID,FIRST_NAME,LAST_NAME,EMAIL,PHONE_NUMBER,HIRE_DATE,JOB_ID,SALARY,COMMISSION_PCT,MANAGER_ID,DEPARTMENT_ID,EMP_TYPE) values (179,'Charles','Johnson','CJOHNSON','011.44.1644.429262',to_date('04-JAN-08','DD-MON-RR'),'SA_REP',6200,0.1,149,80,null);
Insert into EMPLOYEES (EMPLOYEE_ID,FIRST_NAME,LAST_NAME,EMAIL,PHONE_NUMBER,HIRE_DATE,JOB_ID,SALARY,COMMISSION_PCT,MANAGER_ID,DEPARTMENT_ID,EMP_TYPE) values (180,'Winston','Taylor','WTAYLOR','650.507.9876',to_date('24-JAN-06','DD-MON-RR'),'SH_CLERK',3200,null,120,50,null);
Insert into EMPLOYEES (EMPLOYEE_ID,FIRST_NAME,LAST_NAME,EMAIL,PHONE_NUMBER,HIRE_DATE,JOB_ID,SALARY,COMMISSION_PCT,MANAGER_ID,DEPARTMENT_ID,EMP_TYPE) values (181,'Jean','Fleaur','JFLEAUR','650.507.9877',to_date('23-FEB-06','DD-MON-RR'),'SH_CLERK',3100,null,120,50,null);
Insert into EMPLOYEES (EMPLOYEE_ID,FIRST_NAME,LAST_NAME,EMAIL,PHONE_NUMBER,HIRE_DATE,JOB_ID,SALARY,COMMISSION_PCT,MANAGER_ID,DEPARTMENT_ID,EMP_TYPE) values (182,'Martha','Sullivan','MSULLIVA','650.507.9878',to_date('21-JUN-07','DD-MON-RR'),'SH_CLERK',2500,null,120,50,null);
Insert into EMPLOYEES (EMPLOYEE_ID,FIRST_NAME,LAST_NAME,EMAIL,PHONE_NUMBER,HIRE_DATE,JOB_ID,SALARY,COMMISSION_PCT,MANAGER_ID,DEPARTMENT_ID,EMP_TYPE) values (183,'Girard','Geoni','GGEONI','650.507.9879',to_date('03-FEB-08','DD-MON-RR'),'SH_CLERK',2800,null,120,50,null);
Insert into EMPLOYEES (EMPLOYEE_ID,FIRST_NAME,LAST_NAME,EMAIL,PHONE_NUMBER,HIRE_DATE,JOB_ID,SALARY,COMMISSION_PCT,MANAGER_ID,DEPARTMENT_ID,EMP_TYPE) values (184,'Nandita','Sarchand','NSARCHAN','650.509.1876',to_date('27-JAN-04','DD-MON-RR'),'SH_CLERK',4200,null,121,50,null);
Insert into EMPLOYEES (EMPLOYEE_ID,FIRST_NAME,LAST_NAME,EMAIL,PHONE_NUMBER,HIRE_DATE,JOB_ID,SALARY,COMMISSION_PCT,MANAGER_ID,DEPARTMENT_ID,EMP_TYPE) values (185,'Alexis','Bull','ABULL','650.509.2876',to_date('20-FEB-05','DD-MON-RR'),'SH_CLERK',4100,null,121,50,null);
Insert into EMPLOYEES (EMPLOYEE_ID,FIRST_NAME,LAST_NAME,EMAIL,PHONE_NUMBER,HIRE_DATE,JOB_ID,SALARY,COMMISSION_PCT,MANAGER_ID,DEPARTMENT_ID,EMP_TYPE) values (186,'Julia','Dellinger','JDELLING','650.509.3876',to_date('24-JUN-06','DD-MON-RR'),'SH_CLERK',3400,null,121,50,null);
Insert into EMPLOYEES (EMPLOYEE_ID,FIRST_NAME,LAST_NAME,EMAIL,PHONE_NUMBER,HIRE_DATE,JOB_ID,SALARY,COMMISSION_PCT,MANAGER_ID,DEPARTMENT_ID,EMP_TYPE) values (187,'Anthony','Cabrio','ACABRIO','650.509.4876',to_date('07-FEB-07','DD-MON-RR'),'SH_CLERK',3000,null,121,50,null);
Insert into EMPLOYEES (EMPLOYEE_ID,FIRST_NAME,LAST_NAME,EMAIL,PHONE_NUMBER,HIRE_DATE,JOB_ID,SALARY,COMMISSION_PCT,MANAGER_ID,DEPARTMENT_ID,EMP_TYPE) values (188,'Kelly','Chung','KCHUNG','650.505.1876',to_date('14-JUN-05','DD-MON-RR'),'SH_CLERK',3800,null,122,50,null);
Insert into EMPLOYEES (EMPLOYEE_ID,FIRST_NAME,LAST_NAME,EMAIL,PHONE_NUMBER,HIRE_DATE,JOB_ID,SALARY,COMMISSION_PCT,MANAGER_ID,DEPARTMENT_ID,EMP_TYPE) values (189,'Jennifer','Dilly','JDILLY','650.505.2876',to_date('13-AUG-05','DD-MON-RR'),'SH_CLERK',3600,null,122,50,null);
Insert into EMPLOYEES (EMPLOYEE_ID,FIRST_NAME,LAST_NAME,EMAIL,PHONE_NUMBER,HIRE_DATE,JOB_ID,SALARY,COMMISSION_PCT,MANAGER_ID,DEPARTMENT_ID,EMP_TYPE) values (190,'Timothy','Gates','TGATES','650.505.3876',to_date('11-JUL-06','DD-MON-RR'),'SH_CLERK',2900,null,122,50,null);
Insert into EMPLOYEES (EMPLOYEE_ID,FIRST_NAME,LAST_NAME,EMAIL,PHONE_NUMBER,HIRE_DATE,JOB_ID,SALARY,COMMISSION_PCT,MANAGER_ID,DEPARTMENT_ID,EMP_TYPE) values (191,'Randall','Perkins','RPERKINS','650.505.4876',to_date('19-DEC-07','DD-MON-RR'),'SH_CLERK',2500,null,122,50,null);
Insert into EMPLOYEES (EMPLOYEE_ID,FIRST_NAME,LAST_NAME,EMAIL,PHONE_NUMBER,HIRE_DATE,JOB_ID,SALARY,COMMISSION_PCT,MANAGER_ID,DEPARTMENT_ID,EMP_TYPE) values (192,'Sarah','Bell','SBELL','650.501.1876',to_date('04-FEB-04','DD-MON-RR'),'SH_CLERK',4000,null,123,50,null);
Insert into EMPLOYEES (EMPLOYEE_ID,FIRST_NAME,LAST_NAME,EMAIL,PHONE_NUMBER,HIRE_DATE,JOB_ID,SALARY,COMMISSION_PCT,MANAGER_ID,DEPARTMENT_ID,EMP_TYPE) values (193,'Britney','Everett','BEVERETT','650.501.2876',to_date('03-MAR-05','DD-MON-RR'),'SH_CLERK',3900,null,123,50,null);
Insert into EMPLOYEES (EMPLOYEE_ID,FIRST_NAME,LAST_NAME,EMAIL,PHONE_NUMBER,HIRE_DATE,JOB_ID,SALARY,COMMISSION_PCT,MANAGER_ID,DEPARTMENT_ID,EMP_TYPE) values (194,'Samuel','McCain','SMCCAIN','650.501.3876',to_date('01-JUL-06','DD-MON-RR'),'SH_CLERK',3200,null,123,50,null);
Insert into EMPLOYEES (EMPLOYEE_ID,FIRST_NAME,LAST_NAME,EMAIL,PHONE_NUMBER,HIRE_DATE,JOB_ID,SALARY,COMMISSION_PCT,MANAGER_ID,DEPARTMENT_ID,EMP_TYPE) values (195,'Vance','Jones','VJONES','650.501.4876',to_date('17-MAR-07','DD-MON-RR'),'SH_CLERK',2800,null,123,50,null);
Insert into EMPLOYEES (EMPLOYEE_ID,FIRST_NAME,LAST_NAME,EMAIL,PHONE_NUMBER,HIRE_DATE,JOB_ID,SALARY,COMMISSION_PCT,MANAGER_ID,DEPARTMENT_ID,EMP_TYPE) values (196,'Alana','Walsh','AWALSH','650.507.9811',to_date('24-APR-06','DD-MON-RR'),'SH_CLERK',3100,null,124,50,null);
Insert into EMPLOYEES (EMPLOYEE_ID,FIRST_NAME,LAST_NAME,EMAIL,PHONE_NUMBER,HIRE_DATE,JOB_ID,SALARY,COMMISSION_PCT,MANAGER_ID,DEPARTMENT_ID,EMP_TYPE) values (197,'Kevin','Feeney','KFEENEY','650.507.9822',to_date('23-MAY-06','DD-MON-RR'),'SH_CLERK',3000,null,124,50,null);
Insert into EMPLOYEES (EMPLOYEE_ID,FIRST_NAME,LAST_NAME,EMAIL,PHONE_NUMBER,HIRE_DATE,JOB_ID,SALARY,COMMISSION_PCT,MANAGER_ID,DEPARTMENT_ID,EMP_TYPE) values (198,'Donald','OConnell','DOCONNEL','650.507.9833',to_date('21-JUN-07','DD-MON-RR'),'SH_CLERK',2600,null,124,50,null);
Insert into EMPLOYEES (EMPLOYEE_ID,FIRST_NAME,LAST_NAME,EMAIL,PHONE_NUMBER,HIRE_DATE,JOB_ID,SALARY,COMMISSION_PCT,MANAGER_ID,DEPARTMENT_ID,EMP_TYPE) values (199,'Douglas','Grant','DGRANT','650.507.9844',to_date('13-JAN-08','DD-MON-RR'),'SH_CLERK',2600,null,124,50,null);
Insert into EMPLOYEES (EMPLOYEE_ID,FIRST_NAME,LAST_NAME,EMAIL,PHONE_NUMBER,HIRE_DATE,JOB_ID,SALARY,COMMISSION_PCT,MANAGER_ID,DEPARTMENT_ID,EMP_TYPE) values (200,'Jennifer','Whalen','JWHALEN','515.123.4444',to_date('17-SEP-03','DD-MON-RR'),'AD_ASST',4400,null,101,10,null);
Insert into EMPLOYEES (EMPLOYEE_ID,FIRST_NAME,LAST_NAME,EMAIL,PHONE_NUMBER,HIRE_DATE,JOB_ID,SALARY,COMMISSION_PCT,MANAGER_ID,DEPARTMENT_ID,EMP_TYPE) values (201,'Michael','Hartstein','MHARTSTE','515.123.5555',to_date('17-FEB-04','DD-MON-RR'),'MK_MAN',13000,null,100,20,null);
Insert into EMPLOYEES (EMPLOYEE_ID,FIRST_NAME,LAST_NAME,EMAIL,PHONE_NUMBER,HIRE_DATE,JOB_ID,SALARY,COMMISSION_PCT,MANAGER_ID,DEPARTMENT_ID,EMP_TYPE) values (202,'Pat','Fay','PFAY','603.123.6666',to_date('17-AUG-05','DD-MON-RR'),'MK_REP',6000,null,201,20,null);
Insert into EMPLOYEES (EMPLOYEE_ID,FIRST_NAME,LAST_NAME,EMAIL,PHONE_NUMBER,HIRE_DATE,JOB_ID,SALARY,COMMISSION_PCT,MANAGER_ID,DEPARTMENT_ID,EMP_TYPE) values (203,'Susan','Mavris','SMAVRIS','515.123.7777',to_date('07-JUN-02','DD-MON-RR'),'HR_REP',6500,null,101,40,null);
Insert into EMPLOYEES (EMPLOYEE_ID,FIRST_NAME,LAST_NAME,EMAIL,PHONE_NUMBER,HIRE_DATE,JOB_ID,SALARY,COMMISSION_PCT,MANAGER_ID,DEPARTMENT_ID,EMP_TYPE) values (204,'Hermann','Baer','HBAER','515.123.8888',to_date('07-JUN-02','DD-MON-RR'),'PR_REP',10000,null,101,70,null);
Insert into EMPLOYEES (EMPLOYEE_ID,FIRST_NAME,LAST_NAME,EMAIL,PHONE_NUMBER,HIRE_DATE,JOB_ID,SALARY,COMMISSION_PCT,MANAGER_ID,DEPARTMENT_ID,EMP_TYPE) values (205,'Shelley','Higgins','SHIGGINS','515.123.8080',to_date('07-JUN-02','DD-MON-RR'),'AC_MGR',12008,null,101,110,null);
Insert into EMPLOYEES (EMPLOYEE_ID,FIRST_NAME,LAST_NAME,EMAIL,PHONE_NUMBER,HIRE_DATE,JOB_ID,SALARY,COMMISSION_PCT,MANAGER_ID,DEPARTMENT_ID,EMP_TYPE) values (206,'William','Gietz','WGIETZ','515.123.8181',to_date('07-JUN-02','DD-MON-RR'),'AC_ACCOUNT',8300,null,205,110,null);
Insert into EMPLOYEES (EMPLOYEE_ID,FIRST_NAME,LAST_NAME,EMAIL,PHONE_NUMBER,HIRE_DATE,JOB_ID,SALARY,COMMISSION_PCT,MANAGER_ID,DEPARTMENT_ID,EMP_TYPE) values (242,'Steven1','King','SKING2','515.123.4567',to_date('17-JUN-03','DD-MON-RR'),'AD_PRES',24000,null,null,100,null);
Insert into EMPLOYEES (EMPLOYEE_ID,FIRST_NAME,LAST_NAME,EMAIL,PHONE_NUMBER,HIRE_DATE,JOB_ID,SALARY,COMMISSION_PCT,MANAGER_ID,DEPARTMENT_ID,EMP_TYPE) values (240,'Steven1','King','SKING1','515.123.4567',to_date('17-JUN-03','DD-MON-RR'),'AD_PRES',24000,null,null,90,null);
Insert into EMPLOYEES (EMPLOYEE_ID,FIRST_NAME,LAST_NAME,EMAIL,PHONE_NUMBER,HIRE_DATE,JOB_ID,SALARY,COMMISSION_PCT,MANAGER_ID,DEPARTMENT_ID,EMP_TYPE) values (243,'Steven12','King','SKING22','515.123.4567',to_date('17-JUN-03','DD-MON-RR'),'AD_PRES',24000,null,null,100,null);
Insert into EMPLOYEES (EMPLOYEE_ID,FIRST_NAME,LAST_NAME,EMAIL,PHONE_NUMBER,HIRE_DATE,JOB_ID,SALARY,COMMISSION_PCT,MANAGER_ID,DEPARTMENT_ID,EMP_TYPE) values (244,'Steven122','King','SKING232','515.123.4567',to_date('17-JUN-03','DD-MON-RR'),'AD_PRES',24000,null,null,100,null);
Insert into EMPLOYEES (EMPLOYEE_ID,FIRST_NAME,LAST_NAME,EMAIL,PHONE_NUMBER,HIRE_DATE,JOB_ID,SALARY,COMMISSION_PCT,MANAGER_ID,DEPARTMENT_ID,EMP_TYPE) values (247,'Steven','King','SKING2321','515.123.4567',to_date('17-JUN-03','DD-MON-RR'),'AD_PRES',24000,null,null,100,null);

--------------------------------------------------------
--  DML for Table USERS
--------------------------------------------------------
Insert into USERS (USER_ID,FIRST_NAME,LAST_NAME,USER_NAME,PASSWORD,EMAIL,PHONE_NUMBER,COUNTRY,CREATED_BY,CREATED_DATE,LAST_UPDATED_BY,LAST_UPDATED_DATE,SUPER_USER) values (21,'kranti','kumar1','kranti','kranti',null,null,null,null,to_date('08-MAY-20','DD-MON-RR'),null,to_date('10-MAY-20','DD-MON-RR'),0);
Insert into USERS (USER_ID,FIRST_NAME,LAST_NAME,USER_NAME,PASSWORD,EMAIL,PHONE_NUMBER,COUNTRY,CREATED_BY,CREATED_DATE,LAST_UPDATED_BY,LAST_UPDATED_DATE,SUPER_USER) values (25,'suganya','chinamilli','suganya','suganya','csuganya7@gmail.com',null,null,null,to_date('08-MAY-20','DD-MON-RR'),null,to_date('10-MAY-20','DD-MON-RR'),0);


--------------------------------------------------------
--  DML for Table COUNTRIES
--------------------------------------------------------
INSERT INTO countries (country_id, iso, name, nice_name, iso3, num_code, phone_code) VALUES (1, 'AF', 'AFGHANISTAN', 'Afghanistan', 'AFG', 4, 93); 
INSERT INTO countries( country_id, iso, name, nice_name, iso3, num_code, phone_code) VALUES (2, 'AL', 'ALBANIA', 'Albania', 'ALB', 8, 355); 
INSERT INTO countries( country_id, iso, name, nice_name, iso3, num_code, phone_code) VALUES (3, 'DZ', 'ALGERIA', 'Algeria', 'DZA', 12, 213); 
INSERT INTO countries( country_id, iso, name, nice_name, iso3, num_code, phone_code) VALUES (4, 'AS', 'AMERICAN SAMOA', 'American Samoa', 'ASM', 16, 1684); 
INSERT INTO countries( country_id, iso, name, nice_name, iso3, num_code, phone_code) VALUES (5, 'AD', 'ANDORRA', 'Andorra', 'AND', 20, 376); 
INSERT INTO countries( country_id, iso, name, nice_name, iso3, num_code, phone_code) VALUES (6, 'AO', 'ANGOLA', 'Angola', 'AGO', 24, 244); 
INSERT INTO countries( country_id, iso, name, nice_name, iso3, num_code, phone_code) VALUES (7, 'AI', 'ANGUILLA', 'Anguilla', 'AIA', 660, 1264); 
INSERT INTO countries( country_id, iso, name, nice_name, iso3, num_code, phone_code) VALUES (8, 'AQ', 'ANTARCTICA', 'Antarctica', NULL, NULL, 0); 
INSERT INTO countries( country_id, iso, name, nice_name, iso3, num_code, phone_code) VALUES (9, 'AG', 'ANTIGUA AND BARBUDA', 'Antigua and Barbuda', 'ATG', 28, 1268); 
INSERT INTO countries( country_id, iso, name, nice_name, iso3, num_code, phone_code) VALUES (10, 'AR', 'ARGENTINA', 'Argentina', 'ARG', 32, 54); 
INSERT INTO countries( country_id, iso, name, nice_name, iso3, num_code, phone_code) VALUES (11, 'AM', 'ARMENIA', 'Armenia', 'ARM', 51, 374);
INSERT INTO countries( country_id, iso, name, nice_name, iso3, num_code, phone_code) VALUES (12, 'AW', 'ARUBA', 'Aruba', 'ABW', 533, 297); 
INSERT INTO countries( country_id, iso, name, nice_name, iso3, num_code, phone_code) VALUES (13, 'AU', 'AUSTRALIA', 'Australia', 'AUS', 36, 61); 
INSERT INTO countries( country_id, iso, name, nice_name, iso3, num_code, phone_code) VALUES (14, 'AT', 'AUSTRIA', 'Austria', 'AUT', 40, 43); 
INSERT INTO countries( country_id, iso, name, nice_name, iso3, num_code, phone_code) VALUES (15, 'AZ', 'AZERBAIJAN', 'Azerbaijan', 'AZE', 31, 994); 
INSERT INTO countries( country_id, iso, name, nice_name, iso3, num_code, phone_code) VALUES (16, 'BS', 'BAHAMAS', 'Bahamas', 'BHS', 44, 1242); 
INSERT INTO countries( country_id, iso, name, nice_name, iso3, num_code, phone_code) VALUES (17, 'BH', 'BAHRAIN', 'Bahrain', 'BHR', 48, 973); 
INSERT INTO countries( country_id, iso, name, nice_name, iso3, num_code, phone_code) VALUES (18, 'BD', 'BANGLADESH', 'Bangladesh', 'BGD', 50, 880); 
INSERT INTO countries( country_id, iso, name, nice_name, iso3, num_code, phone_code) VALUES (19, 'BB', 'BARBADOS', 'Barbados', 'BRB', 52, 1246); 
INSERT INTO countries( country_id, iso, name, nice_name, iso3, num_code, phone_code) VALUES (20, 'BY', 'BELARUS', 'Belarus', 'BLR', 112, 375); 
INSERT INTO countries( country_id, iso, name, nice_name, iso3, num_code, phone_code) VALUES (21, 'BE', 'BELGIUM', 'Belgium', 'BEL', 56, 32); 
INSERT INTO countries( country_id, iso, name, nice_name, iso3, num_code, phone_code) VALUES (22, 'BZ', 'BELIZE', 'Belize', 'BLZ', 84, 501); 
INSERT INTO countries( country_id, iso, name, nice_name, iso3, num_code, phone_code) VALUES (23, 'BJ', 'BENIN', 'Benin', 'BEN', 204, 229); 
INSERT INTO countries( country_id, iso, name, nice_name, iso3, num_code, phone_code) VALUES (24, 'BM', 'BERMUDA', 'Bermuda', 'BMU', 60, 1441); 
INSERT INTO countries( country_id, iso, name, nice_name, iso3, num_code, phone_code) VALUES (25, 'BT', 'BHUTAN', 'Bhutan', 'BTN', 64, 975); 
INSERT INTO countries( country_id, iso, name, nice_name, iso3, num_code, phone_code) VALUES (26, 'BO', 'BOLIVIA', 'Bolivia', 'BOL', 68, 591); 
INSERT INTO countries( country_id, iso, name, nice_name, iso3, num_code, phone_code) VALUES (27, 'BA', 'BOSNIA AND HERZEGOVINA', 'Bosnia and Herzegovina', 'BIH', 70, 387); 
INSERT INTO countries( country_id, iso, name, nice_name, iso3, num_code, phone_code) VALUES (28, 'BW', 'BOTSWANA', 'Botswana', 'BWA', 72, 267); 
INSERT INTO countries( country_id, iso, name, nice_name, iso3, num_code, phone_code) VALUES (29, 'BV', 'BOUVET ISLAND', 'Bouvet Island', NULL, NULL, 0); 
INSERT INTO countries( country_id, iso, name, nice_name, iso3, num_code, phone_code) VALUES (30, 'BR', 'BRAZIL', 'Brazil', 'BRA', 76, 55); 
INSERT INTO countries( country_id, iso, name, nice_name, iso3, num_code, phone_code) VALUES (31, 'IO', 'BRITISH INDIAN OCEAN TERRITORY', 'British Indian Ocean Territory', NULL, NULL, 246); 
INSERT INTO countries( country_id, iso, name, nice_name, iso3, num_code, phone_code) VALUES (32, 'BN', 'BRUNEI DARUSSALAM', 'Brunei Darussalam', 'BRN', 96, 673); 
INSERT INTO countries( country_id, iso, name, nice_name, iso3, num_code, phone_code) VALUES (33, 'BG', 'BULGARIA', 'Bulgaria', 'BGR', 100, 359); 
INSERT INTO countries( country_id, iso, name, nice_name, iso3, num_code, phone_code) VALUES (34, 'BF', 'BURKINA FASO', 'Burkina Faso', 'BFA', 854, 226); 
INSERT INTO countries( country_id, iso, name, nice_name, iso3, num_code, phone_code) VALUES (35, 'BI', 'BURUNDI', 'Burundi', 'BDI', 108, 257); 
INSERT INTO countries( country_id, iso, name, nice_name, iso3, num_code, phone_code) VALUES (36, 'KH', 'CAMBODIA', 'Cambodia', 'KHM', 116, 855); 
INSERT INTO countries( country_id, iso, name, nice_name, iso3, num_code, phone_code) VALUES (37, 'CM', 'CAMEROON', 'Cameroon', 'CMR', 120, 237); 
INSERT INTO countries( country_id, iso, name, nice_name, iso3, num_code, phone_code) VALUES (38, 'CA', 'CANADA', 'Canada', 'CAN', 124, 1); 
INSERT INTO countries VALUES(39, 'CV', 'CAPE VERDE', 'Cape Verde', 'CPV', 132, 238); 
INSERT INTO countries( country_id, iso, name, nice_name, iso3, num_code, phone_code) VALUES (40, 'KY', 'CAYMAN ISLANDS', 'Cayman Islands', 'CYM', 136, 1345); 
INSERT INTO countries( country_id, iso, name, nice_name, iso3, num_code, phone_code) VALUES (41, 'CF', 'CENTRAL AFRICAN REPUBLIC', 'Central African Republic', 'CAF', 140, 236); 
INSERT INTO countries( country_id, iso, name, nice_name, iso3, num_code, phone_code) VALUES (42, 'TD', 'CHAD', 'Chad', 'TCD', 148, 235); 
INSERT INTO countries( country_id, iso, name, nice_name, iso3, num_code, phone_code) VALUES (43, 'CL', 'CHILE', 'Chile', 'CHL', 152, 56); 
INSERT INTO countries( country_id, iso, name, nice_name, iso3, num_code, phone_code) VALUES (44, 'CN', 'CHINA', 'China', 'CHN', 156, 86); 
INSERT INTO countries( country_id, iso, name, nice_name, iso3, num_code, phone_code) VALUES (45, 'CX', 'CHRISTMAS ISLAND', 'Christmas Island', NULL, NULL, 61); 
INSERT INTO countries( country_id, iso, name, nice_name, iso3, num_code, phone_code) VALUES (46, 'CC', 'COCOS (KEELING) ISLANDS', 'Cocos (Keeling) Islands', NULL, NULL, 672); 
INSERT INTO countries( country_id, iso, name, nice_name, iso3, num_code, phone_code) VALUES (47, 'CO', 'COLOMBIA', 'Colombia', 'COL', 170, 57);
INSERT INTO countries( country_id, iso, name, nice_name, iso3, num_code, phone_code) VALUES (48, 'KM', 'COMOROS', 'Comoros', 'COM', 174, 269); 
INSERT INTO countries( country_id, iso, name, nice_name, iso3, num_code, phone_code) VALUES (49, 'CG', 'CONGO', 'Congo', 'COG', 178, 242); 
INSERT INTO countries( country_id, iso, name, nice_name, iso3, num_code, phone_code) VALUES (50, 'CD', 'CONGO, THE DEMOCRATIC REPUBLIC OF THE', 'Congo, the Democratic Republic of the', 'COD', 180, 242); 
INSERT INTO countries( country_id, iso, name, nice_name, iso3, num_code, phone_code) VALUES (51, 'CK', 'COOK ISLANDS', 'Cook Islands', 'COK', 184, 682); 
INSERT INTO countries( country_id, iso, name, nice_name, iso3, num_code, phone_code) VALUES (52, 'CR', 'COSTA RICA', 'Costa Rica', 'CRI', 188, 506); 
INSERT INTO countries( country_id, iso, name, nice_name, iso3, num_code, phone_code) VALUES (53, 'CI', 'COTE D''IVOIRE', 'Cote D''Ivoire', 'CIV', 384, 225); 
INSERT INTO countries( country_id, iso, name, nice_name, iso3, num_code, phone_code) VALUES (54, 'HR', 'CROATIA', 'Croatia', 'HRV', 191, 385); 
INSERT INTO countries( country_id, iso, name, nice_name, iso3, num_code, phone_code) VALUES (55, 'CU', 'CUBA', 'Cuba', 'CUB', 192, 53); 
INSERT INTO countries( country_id, iso, name, nice_name, iso3, num_code, phone_code) VALUES (56, 'CY', 'CYPRUS', 'Cyprus', 'CYP', 196, 357);
INSERT INTO countries( country_id, iso, name, nice_name, iso3, num_code, phone_code) VALUES (57, 'CZ', 'CZECH REPUBLIC', 'Czech Republic', 'CZE', 203, 420);
INSERT INTO countries( country_id, iso, name, nice_name, iso3, num_code, phone_code) VALUES (58, 'DK', 'DENMARK', 'Denmark', 'DNK', 208, 45); 
INSERT INTO countries( country_id, iso, name, nice_name, iso3, num_code, phone_code) VALUES (59, 'DJ', 'DJIBOUTI', 'Djibouti', 'DJI', 262, 253); 
INSERT INTO countries( country_id, iso, name, nice_name, iso3, num_code, phone_code) VALUES (60, 'DM', 'DOMINICA', 'Dominica', 'DMA', 212, 1767); 
INSERT INTO countries( country_id, iso, name, nice_name, iso3, num_code, phone_code) VALUES (61, 'DO', 'DOMINICAN REPUBLIC', 'Dominican Republic', 'DOM', 214, 1809); 
INSERT INTO countries( country_id, iso, name, nice_name, iso3, num_code, phone_code) VALUES (62, 'EC', 'ECUADOR', 'Ecuador', 'ECU', 218, 593); 
INSERT INTO countries( country_id, iso, name, nice_name, iso3, num_code, phone_code) VALUES (63, 'EG', 'EGYPT', 'Egypt', 'EGY', 818, 20); 
INSERT INTO countries( country_id, iso, name, nice_name, iso3, num_code, phone_code) VALUES (64, 'SV', 'EL SALVADOR', 'El Salvador', 'SLV', 222, 503); 
INSERT INTO countries( country_id, iso, name, nice_name, iso3, num_code, phone_code) VALUES (65, 'GQ', 'EQUATORIAL GUINEA', 'Equatorial Guinea', 'GNQ', 226, 240); 
INSERT INTO countries( country_id, iso, name, nice_name, iso3, num_code, phone_code) VALUES (66, 'ER', 'ERITREA', 'Eritrea', 'ERI', 232, 291); 
INSERT INTO countries( country_id, iso, name, nice_name, iso3, num_code, phone_code) VALUES (67, 'EE', 'ESTONIA', 'Estonia', 'EST', 233, 372); 
INSERT INTO countries( country_id, iso, name, nice_name, iso3, num_code, phone_code) VALUES (68, 'ET', 'ETHIOPIA', 'Ethiopia', 'ETH', 231, 251); 
INSERT INTO countries( country_id, iso, name, nice_name, iso3, num_code, phone_code) VALUES (69, 'FK', 'FALKLAND ISLANDS (MALVINAS)', 'Falkland Islands (Malvinas)', 'FLK', 238, 500); 
INSERT INTO countries( country_id, iso, name, nice_name, iso3, num_code, phone_code) VALUES (70, 'FO', 'FAROE ISLANDS', 'Faroe Islands', 'FRO', 234, 298); 
INSERT INTO countries( country_id, iso, name, nice_name, iso3, num_code, phone_code) VALUES (71, 'FJ', 'FIJI', 'Fiji', 'FJI', 242, 679); 
INSERT INTO countries( country_id, iso, name, nice_name, iso3, num_code, phone_code) VALUES (72, 'FI', 'FINLAND', 'Finland', 'FIN', 246, 358); 
INSERT INTO countries( country_id, iso, name, nice_name, iso3, num_code, phone_code) VALUES (73, 'FR', 'FRANCE', 'France', 'FRA', 250, 33); 
INSERT INTO countries( country_id, iso, name, nice_name, iso3, num_code, phone_code) VALUES (74, 'GF', 'FRENCH GUIANA', 'French Guiana', 'GUF', 254, 594); 
INSERT INTO countries( country_id, iso, name, nice_name, iso3, num_code, phone_code) VALUES (75, 'PF', 'FRENCH POLYNESIA', 'French Polynesia', 'PYF', 258, 689); 
INSERT INTO countries( country_id, iso, name, nice_name, iso3, num_code, phone_code) VALUES (76, 'TF', 'FRENCH SOUTHERN TERRITORIES', 'French Southern Territories', NULL, NULL, 0);
INSERT INTO countries( country_id, iso, name, nice_name, iso3, num_code, phone_code) VALUES (77, 'GA', 'GABON', 'Gabon', 'GAB', 266, 241); 
INSERT INTO countries( country_id, iso, name, nice_name, iso3, num_code, phone_code) VALUES (78, 'GM', 'GAMBIA', 'Gambia', 'GMB', 270, 220); 
INSERT INTO countries( country_id, iso, name, nice_name, iso3, num_code, phone_code) VALUES (79, 'GE', 'GEORGIA', 'Georgia', 'GEO', 268, 995); 
INSERT INTO countries( country_id, iso, name, nice_name, iso3, num_code, phone_code) VALUES (80, 'DE', 'GERMANY', 'Germany', 'DEU', 276, 49); 
INSERT INTO countries( country_id, iso, name, nice_name, iso3, num_code, phone_code) VALUES (81, 'GH', 'GHANA', 'Ghana', 'GHA', 288, 233);
INSERT INTO countries( country_id, iso, name, nice_name, iso3, num_code, phone_code) VALUES (82, 'GI', 'GIBRALTAR', 'Gibraltar', 'GIB', 292, 350); 
INSERT INTO countries( country_id, iso, name, nice_name, iso3, num_code, phone_code) VALUES (83, 'GR', 'GREECE', 'Greece', 'GRC', 300, 30); 
INSERT INTO countries( country_id, iso, name, nice_name, iso3, num_code, phone_code) VALUES (84, 'GL', 'GREENLAND', 'Greenland', 'GRL', 304, 299); 
INSERT INTO countries( country_id, iso, name, nice_name, iso3, num_code, phone_code) VALUES (85, 'GD', 'GRENADA', 'Grenada', 'GRD', 308, 1473); 
INSERT INTO countries( country_id, iso, name, nice_name, iso3, num_code, phone_code) VALUES (86, 'GP', 'GUADELOUPE', 'Guadeloupe', 'GLP', 312, 590); 
INSERT INTO countries( country_id, iso, name, nice_name, iso3, num_code, phone_code) VALUES (87, 'GU', 'GUAM', 'Guam', 'GUM', 316, 1671); 
INSERT INTO countries( country_id, iso, name, nice_name, iso3, num_code, phone_code) VALUES (88, 'GT', 'GUATEMALA', 'Guatemala', 'GTM', 320, 502);
INSERT INTO countries( country_id, iso, name, nice_name, iso3, num_code, phone_code) VALUES (89, 'GN', 'GUINEA', 'Guinea', 'GIN', 324, 224); 
INSERT INTO countries( country_id, iso, name, nice_name, iso3, num_code, phone_code) VALUES (90, 'GW', 'GUINEA-BISSAU', 'Guinea-Bissau', 'GNB', 624, 245); 
INSERT INTO countries( country_id, iso, name, nice_name, iso3, num_code, phone_code) VALUES (91, 'GY', 'GUYANA', 'Guyana', 'GUY', 328, 592); 
INSERT INTO countries( country_id, iso, name, nice_name, iso3, num_code, phone_code) VALUES (92, 'HT', 'HAITI', 'Haiti', 'HTI', 332, 509); 
INSERT INTO countries( country_id, iso, name, nice_name, iso3, num_code, phone_code) VALUES (93, 'HM', 'HEARD ISLAND AND MCDONALD ISLANDS', 'Heard Island and Mcdonald Islands', NULL, NULL, 0); 
INSERT INTO countries( country_id, iso, name, nice_name, iso3, num_code, phone_code) VALUES (94, 'VA', 'HOLY SEE (VATICAN CITY STATE)', 'Holy See (Vatican City State)', 'VAT', 336, 39); 
INSERT INTO countries( country_id, iso, name, nice_name, iso3, num_code, phone_code) VALUES (95, 'HN', 'HONDURAS', 'Honduras', 'HND', 340, 504); 
INSERT INTO countries( country_id, iso, name, nice_name, iso3, num_code, phone_code) VALUES (96, 'HK', 'HONG KONG', 'Hong Kong', 'HKG', 344, 852); 
INSERT INTO countries( country_id, iso, name, nice_name, iso3, num_code, phone_code) VALUES (97, 'HU', 'HUNGARY', 'Hungary', 'HUN', 348, 36); 
INSERT INTO countries( country_id, iso, name, nice_name, iso3, num_code, phone_code) VALUES (98, 'IS', 'ICELAND', 'Iceland', 'ISL', 352, 354); 
INSERT INTO countries( country_id, iso, name, nice_name, iso3, num_code, phone_code) VALUES (99, 'IN', 'INDIA', 'India', 'IND', 356, 91); 
INSERT INTO countries( country_id, iso, name, nice_name, iso3, num_code, phone_code) VALUES (100, 'ID', 'INDONESIA', 'Indonesia', 'IDN', 360, 62); 
INSERT INTO countries( country_id, iso, name, nice_name, iso3, num_code, phone_code) VALUES (101, 'IR', 'IRAN, ISLAMIC REPUBLIC OF', 'Iran, Islamic Republic of', 'IRN', 364, 98); 
INSERT INTO countries( country_id, iso, name, nice_name, iso3, num_code, phone_code) VALUES (102, 'IQ', 'IRAQ', 'Iraq', 'IRQ', 368, 964); 
INSERT INTO countries( country_id, iso, name, nice_name, iso3, num_code, phone_code) VALUES (103, 'IE', 'IRELAND', 'Ireland', 'IRL', 372, 353); 
INSERT INTO countries( country_id, iso, name, nice_name, iso3, num_code, phone_code) VALUES (104, 'IL', 'ISRAEL', 'Israel', 'ISR', 376, 972); 
INSERT INTO countries( country_id, iso, name, nice_name, iso3, num_code, phone_code) VALUES (105, 'IT', 'ITALY', 'Italy', 'ITA', 380, 39); 
INSERT INTO countries( country_id, iso, name, nice_name, iso3, num_code, phone_code) VALUES (106, 'JM', 'JAMAICA', 'Jamaica', 'JAM', 388, 1876);
INSERT INTO countries( country_id, iso, name, nice_name, iso3, num_code, phone_code) VALUES (107, 'JP', 'JAPAN', 'Japan', 'JPN', 392, 81); 
INSERT INTO countries( country_id, iso, name, nice_name, iso3, num_code, phone_code) VALUES (108, 'JO', 'JORDAN', 'Jordan', 'JOR', 400, 962); 
INSERT INTO countries( country_id, iso, name, nice_name, iso3, num_code, phone_code) VALUES (109, 'KZ', 'KAZAKHSTAN', 'Kazakhstan', 'KAZ', 398, 7); 
INSERT INTO countries( country_id, iso, name, nice_name, iso3, num_code, phone_code) VALUES (110, 'KE', 'KENYA', 'Kenya', 'KEN', 404, 254); 
INSERT INTO countries( country_id, iso, name, nice_name, iso3, num_code, phone_code) VALUES (111, 'KI', 'KIRIBATI', 'Kiribati', 'KIR', 296, 686);
INSERT INTO countries( country_id, iso, name, nice_name, iso3, num_code, phone_code) VALUES (112, 'KP', 'KOREA, DEMOCRATIC PEOPLE''S REPUBLIC OF', 'Korea, Democratic People''s Republic of', 'PRK', 408, 850); 
INSERT INTO countries( country_id, iso, name, nice_name, iso3, num_code, phone_code) VALUES (113, 'KR', 'KOREA, REPUBLIC OF', 'Korea, Republic of', 'KOR', 410, 82);
INSERT INTO countries( country_id, iso, name, nice_name, iso3, num_code, phone_code) VALUES (114, 'KW', 'KUWAIT', 'Kuwait', 'KWT', 414, 965); 
INSERT INTO countries( country_id, iso, name, nice_name, iso3, num_code, phone_code) VALUES (115, 'KG', 'KYRGYZSTAN', 'Kyrgyzstan', 'KGZ', 417, 996);
INSERT INTO countries( country_id, iso, name, nice_name, iso3, num_code, phone_code) VALUES (116, 'LA', 'LAO PEOPLE''S DEMOCRATIC REPUBLIC', 'Lao People''s Democratic Republic', 'LAO', 418, 856); 
INSERT INTO countries( country_id, iso, name, nice_name, iso3, num_code, phone_code) VALUES (117, 'LV', 'LATVIA', 'Latvia', 'LVA', 428, 371);
INSERT INTO countries( country_id, iso, name, nice_name, iso3, num_code, phone_code) VALUES (118, 'LB', 'LEBANON', 'Lebanon', 'LBN', 422, 961); 
INSERT INTO countries( country_id, iso, name, nice_name, iso3, num_code, phone_code) VALUES (119, 'LS', 'LESOTHO', 'Lesotho', 'LSO', 426, 266); 
INSERT INTO countries( country_id, iso, name, nice_name, iso3, num_code, phone_code) VALUES (120, 'LR', 'LIBERIA', 'Liberia', 'LBR', 430, 231); 
INSERT INTO countries( country_id, iso, name, nice_name, iso3, num_code, phone_code) VALUES (121, 'LY', 'LIBYAN ARAB JAMAHIRIYA', 'Libyan Arab Jamahiriya', 'LBY', 434, 218); 
INSERT INTO countries( country_id, iso, name, nice_name, iso3, num_code, phone_code) VALUES (122, 'LI', 'LIECHTENSTEIN', 'Liechtenstein', 'LIE', 438, 423);
INSERT INTO countries( country_id, iso, name, nice_name, iso3, num_code, phone_code) VALUES (123, 'LT', 'LITHUANIA', 'Lithuania', 'LTU', 440, 370); 
INSERT INTO countries( country_id, iso, name, nice_name, iso3, num_code, phone_code) VALUES (124, 'LU', 'LUXEMBOURG', 'Luxembourg', 'LUX', 442, 352); 
INSERT INTO countries( country_id, iso, name, nice_name, iso3, num_code, phone_code) VALUES (125, 'MO', 'MACAO', 'Macao', 'MAC', 446, 853);
INSERT INTO countries( country_id, iso, name, nice_name, iso3, num_code, phone_code) VALUES (126, 'MK', 'MACEDONIA, THE FORMER YUGOSLAV REPUBLIC OF', 'Macedonia, the Former Yugoslav Republic of', 'MKD', 807, 389); 
INSERT INTO countries( country_id, iso, name, nice_name, iso3, num_code, phone_code) VALUES (127, 'MG', 'MADAGASCAR', 'Madagascar', 'MDG', 450, 261); 
INSERT INTO countries( country_id, iso, name, nice_name, iso3, num_code, phone_code) VALUES (128, 'MW', 'MALAWI', 'Malawi', 'MWI', 454, 265);
INSERT INTO countries( country_id, iso, name, nice_name, iso3, num_code, phone_code) VALUES (129, 'MY', 'MALAYSIA', 'Malaysia', 'MYS', 458, 60); 
INSERT INTO countries( country_id, iso, name, nice_name, iso3, num_code, phone_code) VALUES (130, 'MV', 'MALDIVES', 'Maldives', 'MDV', 462, 960); 
INSERT INTO countries( country_id, iso, name, nice_name, iso3, num_code, phone_code) VALUES (131, 'ML', 'MALI', 'Mali', 'MLI', 466, 223); 
INSERT INTO countries( country_id, iso, name, nice_name, iso3, num_code, phone_code) VALUES (132, 'MT', 'MALTA', 'Malta', 'MLT', 470, 356);
INSERT INTO countries( country_id, iso, name, nice_name, iso3, num_code, phone_code) VALUES (133, 'MH', 'MARSHALL ISLANDS', 'Marshall Islands', 'MHL', 584, 692); 
INSERT INTO countries( country_id, iso, name, nice_name, iso3, num_code, phone_code) VALUES (134, 'MQ', 'MARTINIQUE', 'Martinique', 'MTQ', 474, 596);
INSERT INTO countries( country_id, iso, name, nice_name, iso3, num_code, phone_code) VALUES (135, 'MR', 'MAURITANIA', 'Mauritania', 'MRT', 478, 222);
INSERT INTO countries( country_id, iso, name, nice_name, iso3, num_code, phone_code) VALUES (136, 'MU', 'MAURITIUS', 'Mauritius', 'MUS', 480, 230);
INSERT INTO countries( country_id, iso, name, nice_name, iso3, num_code, phone_code) VALUES (137, 'YT', 'MAYOTTE', 'Mayotte', NULL, NULL, 269);
INSERT INTO countries( country_id, iso, name, nice_name, iso3, num_code, phone_code) VALUES (138, 'MX', 'MEXICO', 'Mexico', 'MEX', 484, 52); 
INSERT INTO countries( country_id, iso, name, nice_name, iso3, num_code, phone_code) VALUES (139, 'FM', 'MICRONESIA, FEDERATED STATES OF', 'Micronesia, Federated States of', 'FSM', 583, 691); 
INSERT INTO countries( country_id, iso, name, nice_name, iso3, num_code, phone_code) VALUES (140, 'MD', 'MOLDOVA, REPUBLIC OF', 'Moldova, Republic of', 'MDA', 498, 373); 
INSERT INTO countries( country_id, iso, name, nice_name, iso3, num_code, phone_code) VALUES (141, 'MC', 'MONACO', 'Monaco', 'MCO', 492, 377); 
INSERT INTO countries( country_id, iso, name, nice_name, iso3, num_code, phone_code) VALUES (142, 'MN', 'MONGOLIA', 'Mongolia', 'MNG', 496, 976); 
INSERT INTO countries( country_id, iso, name, nice_name, iso3, num_code, phone_code) VALUES (143, 'MS', 'MONTSERRAT', 'Montserrat', 'MSR', 500, 1664); 
INSERT INTO countries( country_id, iso, name, nice_name, iso3, num_code, phone_code) VALUES (144, 'MA', 'MOROCCO', 'Morocco', 'MAR', 504, 212); 
INSERT INTO countries( country_id, iso, name, nice_name, iso3, num_code, phone_code) VALUES (145, 'MZ', 'MOZAMBIQUE', 'Mozambique', 'MOZ', 508, 258); 
INSERT INTO countries( country_id, iso, name, nice_name, iso3, num_code, phone_code) VALUES (146, 'MM', 'MYANMAR', 'Myanmar', 'MMR', 104, 95); 
INSERT INTO countries( country_id, iso, name, nice_name, iso3, num_code, phone_code) VALUES (147, 'NA', 'NAMIBIA', 'Namibia', 'NAM', 516, 264); 
INSERT INTO countries( country_id, iso, name, nice_name, iso3, num_code, phone_code) VALUES (148, 'NR', 'NAURU', 'Nauru', 'NRU', 520, 674); 
INSERT INTO countries( country_id, iso, name, nice_name, iso3, num_code, phone_code) VALUES (149, 'NP', 'NEPAL', 'Nepal', 'NPL', 524, 977); 
INSERT INTO countries( country_id, iso, name, nice_name, iso3, num_code, phone_code) VALUES (150, 'NL', 'NETHERLANDS', 'Netherlands', 'NLD', 528, 31); 
INSERT INTO countries( country_id, iso, name, nice_name, iso3, num_code, phone_code) VALUES (151, 'AN', 'NETHERLANDS ANTILLES', 'Netherlands Antilles', 'ANT', 530, 599); 
INSERT INTO countries( country_id, iso, name, nice_name, iso3, num_code, phone_code) VALUES (152, 'NC', 'NEW CALEDONIA', 'New Caledonia', 'NCL', 540, 687);
INSERT INTO countries( country_id, iso, name, nice_name, iso3, num_code, phone_code) VALUES (153, 'NZ', 'NEW ZEALAND', 'New Zealand', 'NZL', 554, 64); 
INSERT INTO countries( country_id, iso, name, nice_name, iso3, num_code, phone_code) VALUES (154, 'NI', 'NICARAGUA', 'Nicaragua', 'NIC', 558, 505); 
INSERT INTO countries( country_id, iso, name, nice_name, iso3, num_code, phone_code) VALUES (155, 'NE', 'NIGER', 'Niger', 'NER', 562, 227); 
INSERT INTO countries( country_id, iso, name, nice_name, iso3, num_code, phone_code) VALUES (156, 'NG', 'NIGERIA', 'Nigeria', 'NGA', 566, 234);
INSERT INTO countries( country_id, iso, name, nice_name, iso3, num_code, phone_code) VALUES (157, 'NU', 'NIUE', 'Niue', 'NIU', 570, 683);
INSERT INTO countries( country_id, iso, name, nice_name, iso3, num_code, phone_code) VALUES (158, 'NF', 'NORFOLK ISLAND', 'Norfolk Island', 'NFK', 574, 672);
INSERT INTO countries( country_id, iso, name, nice_name, iso3, num_code, phone_code) VALUES (159, 'MP', 'NORTHERN MARIANA ISLANDS', 'Northern Mariana Islands', 'MNP', 580, 1670); 
INSERT INTO countries( country_id, iso, name, nice_name, iso3, num_code, phone_code) VALUES (160, 'NO', 'NORWAY', 'Norway', 'NOR', 578, 47); 
INSERT INTO countries( country_id, iso, name, nice_name, iso3, num_code, phone_code) VALUES (161, 'OM', 'OMAN', 'Oman', 'OMN', 512, 968); 
INSERT INTO countries( country_id, iso, name, nice_name, iso3, num_code, phone_code) VALUES (162, 'PK', 'PAKISTAN', 'Pakistan', 'PAK', 586, 92);
INSERT INTO countries( country_id, iso, name, nice_name, iso3, num_code, phone_code) VALUES (163, 'PW', 'PALAU', 'Palau', 'PLW', 585, 680); 
INSERT INTO countries( country_id, iso, name, nice_name, iso3, num_code, phone_code) VALUES (164, 'PS', 'PALESTINIAN TERRITORY, OCCUPIED', 'Palestinian Territory, Occupied', NULL, NULL, 970); 
INSERT INTO countries( country_id, iso, name, nice_name, iso3, num_code, phone_code) VALUES (165, 'PA', 'PANAMA', 'Panama', 'PAN', 591, 507); 
INSERT INTO countries( country_id, iso, name, nice_name, iso3, num_code, phone_code) VALUES (166, 'PG', 'PAPUA NEW GUINEA', 'Papua New Guinea', 'PNG', 598, 675);
INSERT INTO countries( country_id, iso, name, nice_name, iso3, num_code, phone_code) VALUES (167, 'PY', 'PARAGUAY', 'Paraguay', 'PRY', 600, 595); 
INSERT INTO countries( country_id, iso, name, nice_name, iso3, num_code, phone_code) VALUES (168, 'PE', 'PERU', 'Peru', 'PER', 604, 51); 
INSERT INTO countries( country_id, iso, name, nice_name, iso3, num_code, phone_code) VALUES (169, 'PH', 'PHILIPPINES', 'Philippines', 'PHL', 608, 63); 
INSERT INTO countries( country_id, iso, name, nice_name, iso3, num_code, phone_code) VALUES (170, 'PN', 'PITCAIRN', 'Pitcairn', 'PCN', 612, 0);
INSERT INTO countries( country_id, iso, name, nice_name, iso3, num_code, phone_code) VALUES (171, 'PL', 'POLAND', 'Poland', 'POL', 616, 48); 
INSERT INTO countries( country_id, iso, name, nice_name, iso3, num_code, phone_code) VALUES (172, 'PT', 'PORTUGAL', 'Portugal', 'PRT', 620, 351); 
INSERT INTO countries( country_id, iso, name, nice_name, iso3, num_code, phone_code) VALUES (173, 'PR', 'PUERTO RICO', 'Puerto Rico', 'PRI', 630, 1787);
INSERT INTO countries( country_id, iso, name, nice_name, iso3, num_code, phone_code) VALUES (174, 'QA', 'QATAR', 'Qatar', 'QAT', 634, 974);
INSERT INTO countries( country_id, iso, name, nice_name, iso3, num_code, phone_code) VALUES (175, 'RE', 'REUNION', 'Reunion', 'REU', 638, 262);
INSERT INTO countries( country_id, iso, name, nice_name, iso3, num_code, phone_code) VALUES (176, 'RO', 'ROMANIA', 'Romania', 'ROM', 642, 40); 
INSERT INTO countries( country_id, iso, name, nice_name, iso3, num_code, phone_code) VALUES (177, 'RU', 'RUSSIAN FEDERATION', 'Russian Federation', 'RUS', 643, 70); 
INSERT INTO countries( country_id, iso, name, nice_name, iso3, num_code, phone_code) VALUES (178, 'RW', 'RWANDA', 'Rwanda', 'RWA', 646, 250); 
INSERT INTO countries( country_id, iso, name, nice_name, iso3, num_code, phone_code) VALUES (179, 'SH', 'SAINT HELENA', 'Saint Helena', 'SHN', 654, 290); 
INSERT INTO countries( country_id, iso, name, nice_name, iso3, num_code, phone_code) VALUES (180, 'KN', 'SAINT KITTS AND NEVIS', 'Saint Kitts and Nevis', 'KNA', 659, 1869); 
INSERT INTO countries( country_id, iso, name, nice_name, iso3, num_code, phone_code) VALUES (181, 'LC', 'SAINT LUCIA', 'Saint Lucia', 'LCA', 662, 1758); 
INSERT INTO countries( country_id, iso, name, nice_name, iso3, num_code, phone_code) VALUES (182, 'PM', 'SAINT PIERRE AND MIQUELON', 'Saint Pierre and Miquelon', 'SPM', 666, 508);
INSERT INTO countries( country_id, iso, name, nice_name, iso3, num_code, phone_code) VALUES (183, 'VC', 'SAINT VINCENT AND THE GRENADINES', 'Saint Vincent and the Grenadines', 'VCT', 670, 1784); 
INSERT INTO countries( country_id, iso, name, nice_name, iso3, num_code, phone_code) VALUES (184, 'WS', 'SAMOA', 'Samoa', 'WSM', 882, 684);
INSERT INTO countries( country_id, iso, name, nice_name, iso3, num_code, phone_code) VALUES (185, 'SM', 'SAN MARINO', 'San Marino', 'SMR', 674, 378);
INSERT INTO countries( country_id, iso, name, nice_name, iso3, num_code, phone_code) VALUES (186, 'ST', 'SAO TOME AND PRINCIPE', 'Sao Tome and Principe', 'STP', 678, 239);
INSERT INTO countries( country_id, iso, name, nice_name, iso3, num_code, phone_code) VALUES (187, 'SA', 'SAUDI ARABIA', 'Saudi Arabia', 'SAU', 682, 966); 
INSERT INTO countries( country_id, iso, name, nice_name, iso3, num_code, phone_code) VALUES (188, 'SN', 'SENEGAL', 'Senegal', 'SEN', 686, 221); 
INSERT INTO countries( country_id, iso, name, nice_name, iso3, num_code, phone_code) VALUES (189, 'CS', 'SERBIA AND MONTENEGRO', 'Serbia and Montenegro', NULL, NULL, 381); 
INSERT INTO countries( country_id, iso, name, nice_name, iso3, num_code, phone_code) VALUES (190, 'SC', 'SEYCHELLES', 'Seychelles', 'SYC', 690, 248); 
INSERT INTO countries( country_id, iso, name, nice_name, iso3, num_code, phone_code) VALUES (191, 'SL', 'SIERRA LEONE', 'Sierra Leone', 'SLE', 694, 232);
INSERT INTO countries( country_id, iso, name, nice_name, iso3, num_code, phone_code) VALUES (192, 'SG', 'SINGAPORE', 'Singapore', 'SGP', 702, 65);
INSERT INTO countries( country_id, iso, name, nice_name, iso3, num_code, phone_code) VALUES (193, 'SK', 'SLOVAKIA', 'Slovakia', 'SVK', 703, 421); 
INSERT INTO countries( country_id, iso, name, nice_name, iso3, num_code, phone_code) VALUES (194, 'SI', 'SLOVENIA', 'Slovenia', 'SVN', 705, 386);
INSERT INTO countries( country_id, iso, name, nice_name, iso3, num_code, phone_code) VALUES (195, 'SB', 'SOLOMON ISLANDS', 'Solomon Islands', 'SLB', 90, 677);
INSERT INTO countries( country_id, iso, name, nice_name, iso3, num_code, phone_code) VALUES (196, 'SO', 'SOMALIA', 'Somalia', 'SOM', 706, 252);
INSERT INTO countries( country_id, iso, name, nice_name, iso3, num_code, phone_code) VALUES (197, 'ZA', 'SOUTH AFRICA', 'South Africa', 'ZAF', 710, 27); 
INSERT INTO countries( country_id, iso, name, nice_name, iso3, num_code, phone_code) VALUES (198, 'GS', 'SOUTH GEORGIA AND THE SOUTH SANDWICH ISLANDS', 'South Georgia and the South Sandwich Islands', NULL, NULL, 0); 
INSERT INTO countries( country_id, iso, name, nice_name, iso3, num_code, phone_code) VALUES (199, 'ES', 'SPAIN', 'Spain', 'ESP', 724, 34); 
INSERT INTO countries( country_id, iso, name, nice_name, iso3, num_code, phone_code) VALUES (200, 'LK', 'SRI LANKA', 'Sri Lanka', 'LKA', 144, 94); 
INSERT INTO countries( country_id, iso, name, nice_name, iso3, num_code, phone_code) VALUES (201, 'SD', 'SUDAN', 'Sudan', 'SDN', 736, 249); 
INSERT INTO countries( country_id, iso, name, nice_name, iso3, num_code, phone_code) VALUES (202, 'SR', 'SURINAME', 'Suriname', 'SUR', 740, 597); 
INSERT INTO countries( country_id, iso, name, nice_name, iso3, num_code, phone_code) VALUES (203, 'SJ', 'SVALBARD AND JAN MAYEN', 'Svalbard and Jan Mayen', 'SJM', 744, 47); 
INSERT INTO countries( country_id, iso, name, nice_name, iso3, num_code, phone_code) VALUES (204, 'SZ', 'SWAZILAND', 'Swaziland', 'SWZ', 748, 268); 
INSERT INTO countries( country_id, iso, name, nice_name, iso3, num_code, phone_code) VALUES (205, 'SE', 'SWEDEN', 'Sweden', 'SWE', 752, 46); 
INSERT INTO countries( country_id, iso, name, nice_name, iso3, num_code, phone_code) VALUES (206, 'CH', 'SWITZERLAND', 'Switzerland', 'CHE', 756, 41); 
INSERT INTO countries( country_id, iso, name, nice_name, iso3, num_code, phone_code) VALUES (207, 'SY', 'SYRIAN ARAB REPUBLIC', 'Syrian Arab Republic', 'SYR', 760, 963); 
INSERT INTO countries( country_id, iso, name, nice_name, iso3, num_code, phone_code) VALUES (208, 'TW', 'TAIWAN, PROVINCE OF CHINA', 'Taiwan, Province of China', 'TWN', 158, 886); 
INSERT INTO countries( country_id, iso, name, nice_name, iso3, num_code, phone_code) VALUES (209, 'TJ', 'TAJIKISTAN', 'Tajikistan', 'TJK', 762, 992); 
INSERT INTO countries( country_id, iso, name, nice_name, iso3, num_code, phone_code) VALUES (210, 'TZ', 'TANZANIA, UNITED REPUBLIC OF', 'Tanzania, United Republic of', 'TZA', 834, 255); 
INSERT INTO countries( country_id, iso, name, nice_name, iso3, num_code, phone_code) VALUES (211, 'TH', 'THAILAND', 'Thailand', 'THA', 764, 66); 
INSERT INTO countries( country_id, iso, name, nice_name, iso3, num_code, phone_code) VALUES (212, 'TL', 'TIMOR-LESTE', 'Timor-Leste', NULL, NULL, 670); 
INSERT INTO countries( country_id, iso, name, nice_name, iso3, num_code, phone_code) VALUES (213, 'TG', 'TOGO', 'Togo', 'TGO', 768, 228); 
INSERT INTO countries( country_id, iso, name, nice_name, iso3, num_code, phone_code) VALUES (214, 'TK', 'TOKELAU', 'Tokelau', 'TKL', 772, 690); 
INSERT INTO countries( country_id, iso, name, nice_name, iso3, num_code, phone_code) VALUES (215, 'TO', 'TONGA', 'Tonga', 'TON', 776, 676); 
INSERT INTO countries( country_id, iso, name, nice_name, iso3, num_code, phone_code) VALUES (216, 'TT', 'TRINIDAD AND TOBAGO', 'Trinidad and Tobago', 'TTO', 780, 1868);
INSERT INTO countries( country_id, iso, name, nice_name, iso3, num_code, phone_code) VALUES (217, 'TN', 'TUNISIA', 'Tunisia', 'TUN', 788, 216); 
INSERT INTO countries( country_id, iso, name, nice_name, iso3, num_code, phone_code) VALUES (218, 'TR', 'TURKEY', 'Turkey', 'TUR', 792, 90); 
INSERT INTO countries( country_id, iso, name, nice_name, iso3, num_code, phone_code) VALUES (219, 'TM', 'TURKMENISTAN', 'Turkmenistan', 'TKM', 795, 7370); 
INSERT INTO countries( country_id, iso, name, nice_name, iso3, num_code, phone_code) VALUES (220, 'TC', 'TURKS AND CAICOS ISLANDS', 'Turks and Caicos Islands', 'TCA', 796, 1649); 
INSERT INTO countries( country_id, iso, name, nice_name, iso3, num_code, phone_code) VALUES (221, 'TV', 'TUVALU', 'Tuvalu', 'TUV', 798, 688);
INSERT INTO countries( country_id, iso, name, nice_name, iso3, num_code, phone_code) VALUES (222, 'UG', 'UGANDA', 'Uganda', 'UGA', 800, 256); 
INSERT INTO countries( country_id, iso, name, nice_name, iso3, num_code, phone_code) VALUES (223, 'UA', 'UKRAINE', 'Ukraine', 'UKR', 804, 380);
INSERT INTO countries( country_id, iso, name, nice_name, iso3, num_code, phone_code) VALUES (224, 'AE', 'UNITED ARAB EMIRATES', 'United Arab Emirates', 'ARE', 784, 971); 
INSERT INTO countries( country_id, iso, name, nice_name, iso3, num_code, phone_code) VALUES (225, 'GB', 'UNITED KINGDOM', 'United Kingdom', 'GBR', 826, 44); 
INSERT INTO countries( country_id, iso, name, nice_name, iso3, num_code, phone_code) VALUES (226, 'US', 'UNITED STATES', 'United States', 'USA', 840, 1); 
INSERT INTO countries( country_id, iso, name, nice_name, iso3, num_code, phone_code) VALUES (227, 'UM', 'UNITED STATES MINOR OUTLYING ISLANDS', 'United States Minor Outlying Islands', NULL, NULL, 1); 
INSERT INTO countries( country_id, iso, name, nice_name, iso3, num_code, phone_code) VALUES (228, 'UY', 'URUGUAY', 'Uruguay', 'URY', 858, 598); 
INSERT INTO countries( country_id, iso, name, nice_name, iso3, num_code, phone_code) VALUES (229, 'UZ', 'UZBEKISTAN', 'Uzbekistan', 'UZB', 860, 998); 
INSERT INTO countries( country_id, iso, name, nice_name, iso3, num_code, phone_code) VALUES (230, 'VU', 'VANUATU', 'Vanuatu', 'VUT', 548, 678); 
INSERT INTO countries( country_id, iso, name, nice_name, iso3, num_code, phone_code) VALUES (231, 'VE', 'VENEZUELA', 'Venezuela', 'VEN', 862, 58); 
INSERT INTO countries( country_id, iso, name, nice_name, iso3, num_code, phone_code) VALUES (232, 'VN', 'VIET NAM', 'Viet Nam', 'VNM', 704, 84); 
INSERT INTO countries( country_id, iso, name, nice_name, iso3, num_code, phone_code) VALUES (233, 'VG', 'VIRGIN ISLANDS, BRITISH', 'Virgin Islands, British', 'VGB', 92, 1284); 
INSERT INTO countries( country_id, iso, name, nice_name, iso3, num_code, phone_code) VALUES (234, 'VI', 'VIRGIN ISLANDS, U.S.', 'Virgin Islands, U.s.', 'VIR', 850, 1340); 
INSERT INTO countries( country_id, iso, name, nice_name, iso3, num_code, phone_code) VALUES (235, 'WF', 'WALLIS AND FUTUNA', 'Wallis and Futuna', 'WLF', 876, 681);
INSERT INTO countries( country_id, iso, name, nice_name, iso3, num_code, phone_code) VALUES (236, 'EH', 'WESTERN SAHARA', 'Western Sahara', 'ESH', 732, 212); 
INSERT INTO countries( country_id, iso, name, nice_name, iso3, num_code, phone_code) VALUES (237, 'YE', 'YEMEN', 'Yemen', 'YEM', 887, 967); 
INSERT INTO countries( country_id, iso, name, nice_name, iso3, num_code, phone_code) VALUES (238, 'ZM', 'ZAMBIA', 'Zambia', 'ZMB', 894, 260); 
INSERT INTO countries( country_id, iso, name, nice_name, iso3, num_code, phone_code) VALUES (239, 'ZW', 'ZIMBABWE', 'Zimbabwe', 'ZWE', 716, 263);
INSERT INTO countries( country_id, iso, name, nice_name, iso3, num_code, phone_code) VALUES (240, 'RS', 'SERBIA', 'Serbia', 'SRB', 688, 381);
INSERT INTO countries( country_id, iso, name, nice_name, iso3, num_code, phone_code) VALUES (241, 'AP', 'ASIA PACIFIC REGION', 'Asia / Pacific Region', '0', 0, 0);
INSERT INTO countries( country_id, iso, name, nice_name, iso3, num_code, phone_code) VALUES (242, 'ME', 'MONTENEGRO', 'Montenegro', 'MNE', 499, 382);
INSERT INTO countries( country_id, iso, name, nice_name, iso3, num_code, phone_code) VALUES (243, 'AX', 'ALAND ISLANDS', 'Aland Islands', 'ALA', 248, 358);
INSERT INTO countries( country_id, iso, name, nice_name, iso3, num_code, phone_code) VALUES (244, 'BQ', 'BONAIRE, SINT EUSTATIUS AND SABA', 'Bonaire, Sint Eustatius and Saba', 'BES', 535, 599);
INSERT INTO countries( country_id, iso, name, nice_name, iso3, num_code, phone_code) VALUES (245, 'CW', 'CURACAO', 'Curacao', 'CUW', 531, 599);
INSERT INTO countries( country_id, iso, name, nice_name, iso3, num_code, phone_code) VALUES (246, 'GG', 'GUERNSEY', 'Guernsey', 'GGY', 831, 44);
INSERT INTO countries( country_id, iso, name, nice_name, iso3, num_code, phone_code) VALUES (247, 'IM', 'ISLE OF MAN', 'Isle of Man', 'IMN', 833, 44);
INSERT INTO countries( country_id, iso, name, nice_name, iso3, num_code, phone_code) VALUES (248, 'JE', 'JERSEY', 'Jersey', 'JEY', 832, 44);
INSERT INTO countries( country_id, iso, name, nice_name, iso3, num_code, phone_code) VALUES (249, 'XK', 'KOSOVO', 'Kosovo', '---', 0, 381);
INSERT INTO countries( country_id, iso, name, nice_name, iso3, num_code, phone_code) VALUES (250, 'BL', 'SAINT BARTHELEMY', 'Saint Barthelemy', 'BLM', 652, 590);
INSERT INTO countries( country_id, iso, name, nice_name, iso3, num_code, phone_code) VALUES (251, 'MF', 'SAINT MARTIN', 'Saint Martin', 'MAF', 663, 590);
INSERT INTO countries( country_id, iso, name, nice_name, iso3, num_code, phone_code) VALUES (252, 'SX', 'SINT MAARTEN', 'Sint Maarten', 'SXM', 534, 1);
INSERT INTO countries( country_id, iso, name, nice_name, iso3, num_code, phone_code) VALUES (253, 'SS', 'SOUTH SUDAN', 'South Sudan', 'SSD', 728, 211);


--------------------------------------------------------
--  DDL for Index DEPT_ID_PK
--------------------------------------------------------

  CREATE UNIQUE INDEX "DEPT_ID_PK" ON "DEPARTMENTS" ("DEPARTMENT_ID") ;
 
--------------------------------------------------------
--  DDL for Index DEPT_LOCATION_IX
--------------------------------------------------------

  CREATE INDEX "DEPT_LOCATION_IX" ON "DEPARTMENTS" ("LOCATION_ID") ;
--------------------------------------------------------
--  DDL for Index EMP_EMAIL_UK
--------------------------------------------------------

  CREATE UNIQUE INDEX "EMP_EMAIL_UK" ON "EMPLOYEES" ("EMAIL")  ;
--------------------------------------------------------
--  DDL for Index EMP_EMP_ID_PK
--------------------------------------------------------

  CREATE UNIQUE INDEX "EMP_EMP_ID_PK" ON "EMPLOYEES" ("EMPLOYEE_ID");
--------------------------------------------------------
--  DDL for Index EMP_DEPARTMENT_IX
--------------------------------------------------------

  CREATE INDEX "EMP_DEPARTMENT_IX" ON "EMPLOYEES" ("DEPARTMENT_ID") ;
--------------------------------------------------------
--  DDL for Index EMP_JOB_IX
--------------------------------------------------------

  CREATE INDEX "EMP_JOB_IX" ON "EMPLOYEES" ("JOB_ID")  ;
--------------------------------------------------------
--  DDL for Index EMP_MANAGER_IX
--------------------------------------------------------

  CREATE INDEX "EMP_MANAGER_IX" ON "EMPLOYEES" ("MANAGER_ID") ;
--------------------------------------------------------
--  DDL for Index EMP_NAME_IX
--------------------------------------------------------

  CREATE INDEX "EMP_NAME_IX" ON "EMPLOYEES" ("LAST_NAME", "FIRST_NAME") ;
--------------------------------------------------------
--  DDL for Index USERS_USER_ID_PK
--------------------------------------------------------

  CREATE UNIQUE INDEX "USERS_USER_ID_PK" ON "USERS" ("USER_ID")  ;
--------------------------------------------------------
--  DDL for Trigger SECURE_EMPLOYEES
--------------------------------------------------------

 
--------------------------------------------------------
--  Constraints for Table DEPARTMENTS
--------------------------------------------------------

  ALTER TABLE "DEPARTMENTS" ADD CONSTRAINT "DEPT_ID_PK" PRIMARY KEY ("DEPARTMENT_ID");
  ALTER TABLE "DEPARTMENTS" MODIFY ("DEPARTMENT_NAME" CONSTRAINT "DEPT_NAME_NN" NOT NULL ENABLE);
--------------------------------------------------------
--  Constraints for Table EMPLOYEES
--------------------------------------------------------

  ALTER TABLE "EMPLOYEES" ADD CONSTRAINT "EMP_EMP_ID_PK" PRIMARY KEY ("EMPLOYEE_ID") ENABLE;
  ALTER TABLE "EMPLOYEES" ADD CONSTRAINT "EMP_SALARY_MIN" CHECK (salary > 0) ENABLE;
  ALTER TABLE "EMPLOYEES" MODIFY ("JOB_ID" CONSTRAINT "EMP_JOB_NN" NOT NULL ENABLE);
  ALTER TABLE "EMPLOYEES" MODIFY ("HIRE_DATE" CONSTRAINT "EMP_HIRE_DATE_NN" NOT NULL ENABLE);
  ALTER TABLE "EMPLOYEES" MODIFY ("EMAIL" CONSTRAINT "EMP_EMAIL_NN" NOT NULL ENABLE);
  ALTER TABLE "EMPLOYEES" MODIFY ("LAST_NAME" CONSTRAINT "EMP_LAST_NAME_NN" NOT NULL ENABLE);
--------------------------------------------------------
--  Constraints for Table USERS
--------------------------------------------------------

  ALTER TABLE "USERS" ADD CONSTRAINT "USERS_USER_ID_PK" PRIMARY KEY ("USER_ID");
  ALTER TABLE "USERS" MODIFY ("USER_ID" NOT NULL ENABLE);
--------------------------------------------------------
--  Ref Constraints for Table DEPARTMENTS
--------------------------------------------------------

  ALTER TABLE "DEPARTMENTS" ADD CONSTRAINT "DEPT_MGR_FK" FOREIGN KEY ("MANAGER_ID")
	  REFERENCES "EMPLOYEES" ("EMPLOYEE_ID") ENABLE;
--------------------------------------------------------
--  Ref Constraints for Table EMPLOYEES
--------------------------------------------------------

  ALTER TABLE "EMPLOYEES" ADD CONSTRAINT "EMP_DEPT_FK" FOREIGN KEY ("DEPARTMENT_ID")
	  REFERENCES "DEPARTMENTS" ("DEPARTMENT_ID") ENABLE;
  ALTER TABLE "EMPLOYEES" ADD CONSTRAINT "EMP_MANAGER_FK" FOREIGN KEY ("MANAGER_ID")
	  REFERENCES "EMPLOYEES" ("EMPLOYEE_ID") ENABLE;

CREATE SEQUENCE  "DEPARTMENTS_SEQ"  MINVALUE 1 MAXVALUE 9990 INCREMENT BY 1 START WITH 631 NOCACHE  NOORDER  NOCYCLE ;


   CREATE SEQUENCE  "EMPLOYEES_SEQ"  MINVALUE 1 MAXVALUE 9999999999999999999999999999 INCREMENT BY 1 START WITH 300 NOCACHE  NOORDER  NOCYCLE ;
   
    CREATE SEQUENCE  "USERS_SEQ"  MINVALUE 1 MAXVALUE 999999999999999999999999 INCREMENT BY 30 START WITH 41 CACHE 20 NOORDER  NOCYCLE 
    
    
    
    



